2026-08-31 10:50:32.610  INFO 20384 --- [main] c.e.allsystem.AllSystemApplication       : Starting AllSystemApplication using Java 1.8.0_491 on wmh with PID 20384 (D:\JavaProject\all-system\target\classes started by 10566 in D:\JavaProject\all-system)
2026-08-31 10:50:32.621  INFO 20384 --- [main] c.e.allsystem.AllSystemApplication       : The following 1 profile is active: "dev"
2026-08-31 10:50:33.084  INFO 20384 --- [main] .s.d.r.c.RepositoryConfigurationDelegate : Bootstrapping Spring Data JPA repositories in DEFAULT mode.
2026-08-31 10:50:33.098  INFO 20384 --- [main] .s.d.r.c.RepositoryConfigurationDelegate : Finished Spring Data repository scanning in 5 ms. Found 0 JPA repository interfaces.
2026-08-31 10:50:33.790  INFO 20384 --- [main] o.s.b.w.embedded.tomcat.TomcatWebServer  : Tomcat initialized with port(s): 8999 (http)
2026-08-31 10:50:33.796  INFO 20384 --- [main] o.apache.catalina.core.StandardService   : Starting service [Tomcat]
2026-08-31 10:50:33.797  INFO 20384 --- [main] org.apache.catalina.core.StandardEngine  : Starting Servlet engine: [Apache Tomcat/9.0.68]
2026-08-31 10:50:33.918  INFO 20384 --- [main] o.a.c.c.C.[Tomcat].[localhost].[/]       : Initializing Spring embedded WebApplicationContext
2026-08-31 10:50:33.918  INFO 20384 --- [main] w.s.c.ServletWebServerApplicationContext : Root WebApplicationContext: initialization completed in 1260 ms
2026-08-31 10:50:34.084  INFO 20384 --- [main] com.zaxxer.hikari.HikariDataSource       : HikariPool-1 - Starting...
2026-08-31 10:50:39.236 ERROR 20384 --- [main] com.zaxxer.hikari.pool.HikariPool        : HikariPool-1 - Exception during pool initialization.

com.mysql.cj.jdbc.exceptions.CommunicationsException: Communications link failure

The last packet sent successfully to the server was 0 milliseconds ago. The driver has not received any packets from the server.
	at com.mysql.cj.jdbc.exceptions.SQLError.createCommunicationsException(SQLError.java:174) ~[mysql-connector-j-8.0.31.jar:8.0.31]
	at com.mysql.cj.jdbc.exceptions.SQLExceptionsMapping.translateException(SQLExceptionsMapping.java:64) ~[mysql-connector-j-8.0.31.jar:8.0.31]
	at com.mysql.cj.jdbc.ConnectionImpl.createNewIO(ConnectionImpl.java:828) ~[mysql-connector-j-8.0.31.jar:8.0.31]
	at com.mysql.cj.jdbc.ConnectionImpl.<init>(ConnectionImpl.java:448) ~[mysql-connector-j-8.0.31.jar:8.0.31]
	at com.mysql.cj.jdbc.ConnectionImpl.getInstance(ConnectionImpl.java:241) ~[mysql-connector-j-8.0.31.jar:8.0.31]
	at com.mysql.cj.jdbc.NonRegisteringDriver.connect(NonRegisteringDriver.java:198) ~[mysql-connector-j-8.0.31.jar:8.0.31]
	at com.zaxxer.hikari.util.DriverDataSource.getConnection(DriverDataSource.java:138) ~[HikariCP-4.0.3.jar:na]
	at com.zaxxer.hikari.pool.PoolBase.newConnection(PoolBase.java:364) ~[HikariCP-4.0.3.jar:na]
	at com.zaxxer.hikari.pool.PoolBase.newPoolEntry(PoolBase.java:206) ~[HikariCP-4.0.3.jar:na]
	at com.zaxxer.hikari.pool.HikariPool.createPoolEntry(HikariPool.java:476) [HikariCP-4.0.3.jar:na]
	at com.zaxxer.hikari.pool.HikariPool.checkFailFast(HikariPool.java:561) [HikariCP-4.0.3.jar:na]
	at com.zaxxer.hikari.pool.HikariPool.<init>(HikariPool.java:115) [HikariCP-4.0.3.jar:na]
	at com.zaxxer.hikari.HikariDataSource.getConnection(HikariDataSource.java:112) [HikariCP-4.0.3.jar:na]
	at org.springframework.jdbc.datasource.DataSourceUtils.fetchConnection(DataSourceUtils.java:159) [spring-jdbc-5.3.23.jar:5.3.23]
	at org.springframework.jdbc.datasource.DataSourceUtils.doGetConnection(DataSourceUtils.java:117) [spring-jdbc-5.3.23.jar:5.3.23]
	at org.springframework.jdbc.datasource.DataSourceUtils.getConnection(DataSourceUtils.java:80) [spring-jdbc-5.3.23.jar:5.3.23]
	at org.springframework.jdbc.core.JdbcTemplate.execute(JdbcTemplate.java:330) [spring-jdbc-5.3.23.jar:5.3.23]
	at org.springframework.boot.jdbc.EmbeddedDatabaseConnection.isEmbedded(EmbeddedDatabaseConnection.java:162) [spring-boot-2.6.13.jar:2.6.13]
	at org.springframework.boot.autoconfigure.orm.jpa.HibernateDefaultDdlAutoProvider.getDefaultDdlAuto(HibernateDefaultDdlAutoProvider.java:42) [spring-boot-autoconfigure-2.6.13.jar:2.6.13]
	at org.springframework.boot.autoconfigure.orm.jpa.HibernateJpaConfiguration.lambda$getVendorProperties$1(HibernateJpaConfiguration.java:130) [spring-boot-autoconfigure-2.6.13.jar:2.6.13]
	at org.springframework.boot.autoconfigure.orm.jpa.HibernateSettings.getDdlAuto(HibernateSettings.java:41) ~[spring-boot-autoconfigure-2.6.13.jar:2.6.13]
	at org.springframework.boot.autoconfigure.orm.jpa.HibernateProperties.determineDdlAuto(HibernateProperties.java:143) ~[spring-boot-autoconfigure-2.6.13.jar:2.6.13]
	at org.springframework.boot.autoconfigure.orm.jpa.HibernateProperties.getAdditionalProperties(HibernateProperties.java:103) ~[spring-boot-autoconfigure-2.6.13.jar:2.6.13]
	at org.springframework.boot.autoconfigure.orm.jpa.HibernateProperties.determineHibernateProperties(HibernateProperties.java:95) ~[spring-boot-autoconfigure-2.6.13.jar:2.6.13]
	at org.springframework.boot.autoconfigure.orm.jpa.HibernateJpaConfiguration.getVendorProperties(HibernateJpaConfiguration.java:132) [spring-boot-autoconfigure-2.6.13.jar:2.6.13]
	at org.springframework.boot.autoconfigure.orm.jpa.JpaBaseConfiguration.entityManagerFactory(JpaBaseConfiguration.java:132) ~[spring-boot-autoconfigure-2.6.13.jar:2.6.13]
	at sun.reflect.NativeMethodAccessorImpl.invoke0(Native Method) ~[na:1.8.0_491]
	at sun.reflect.NativeMethodAccessorImpl.invoke(NativeMethodAccessorImpl.java:62) ~[na:1.8.0_491]
	at sun.reflect.DelegatingMethodAccessorImpl.invoke(DelegatingMethodAccessorImpl.java:43) ~[na:1.8.0_491]
	at java.lang.reflect.Method.invoke(Method.java:498) ~[na:1.8.0_491]
	at org.springframework.beans.factory.support.SimpleInstantiationStrategy.instantiate(SimpleInstantiationStrategy.java:154) ~[spring-beans-5.3.23.jar:5.3.23]
	at org.springframework.beans.factory.support.ConstructorResolver.instantiate(ConstructorResolver.java:653) ~[spring-beans-5.3.23.jar:5.3.23]
	at org.springframework.beans.factory.support.ConstructorResolver.instantiateUsingFactoryMethod(ConstructorResolver.java:638) ~[spring-beans-5.3.23.jar:5.3.23]
	at org.springframework.beans.factory.support.AbstractAutowireCapableBeanFactory.instantiateUsingFactoryMethod(AbstractAutowireCapableBeanFactory.java:1352) ~[spring-beans-5.3.23.jar:5.3.23]
	at org.springframework.beans.factory.support.AbstractAutowireCapableBeanFactory.createBeanInstance(AbstractAutowireCapableBeanFactory.java:1195) ~[spring-beans-5.3.23.jar:5.3.23]
	at org.springframework.beans.factory.support.AbstractAutowireCapableBeanFactory.doCreateBean(AbstractAutowireCapableBeanFactory.java:582) ~[spring-beans-5.3.23.jar:5.3.23]
	at org.springframework.beans.factory.support.AbstractAutowireCapableBeanFactory.createBean(AbstractAutowireCapableBeanFactory.java:542) ~[spring-beans-5.3.23.jar:5.3.23]
	at org.springframework.beans.factory.support.AbstractBeanFactory.lambda$doGetBean$0(AbstractBeanFactory.java:335) ~[spring-beans-5.3.23.jar:5.3.23]
	at org.springframework.beans.factory.support.DefaultSingletonBeanRegistry.getSingleton(DefaultSingletonBeanRegistry.java:234) ~[spring-beans-5.3.23.jar:5.3.23]
	at org.springframework.beans.factory.support.AbstractBeanFactory.doGetBean(AbstractBeanFactory.java:333) ~[spring-beans-5.3.23.jar:5.3.23]
	at org.springframework.beans.factory.support.AbstractBeanFactory.getBean(AbstractBeanFactory.java:208) ~[spring-beans-5.3.23.jar:5.3.23]
	at org.springframework.context.support.AbstractApplicationContext.getBean(AbstractApplicationContext.java:1154) ~[spring-context-5.3.23.jar:5.3.23]
	at org.springframework.context.support.AbstractApplicationContext.finishBeanFactoryInitialization(AbstractApplicationContext.java:908) ~[spring-context-5.3.23.jar:5.3.23]
	at org.springframework.context.support.AbstractApplicationContext.refresh(AbstractApplicationContext.java:583) ~[spring-context-5.3.23.jar:5.3.23]
	at org.springframework.boot.web.servlet.context.ServletWebServerApplicationContext.refresh(ServletWebServerApplicationContext.java:145) ~[spring-boot-2.6.13.jar:2.6.13]
	at org.springframework.boot.SpringApplication.refresh(SpringApplication.java:745) ~[spring-boot-2.6.13.jar:2.6.13]
	at org.springframework.boot.SpringApplication.refreshContext(SpringApplication.java:420) ~[spring-boot-2.6.13.jar:2.6.13]
	at org.springframework.boot.SpringApplication.run(SpringApplication.java:307) ~[spring-boot-2.6.13.jar:2.6.13]
	at org.springframework.boot.SpringApplication.run(SpringApplication.java:1317) ~[spring-boot-2.6.13.jar:2.6.13]
	at org.springframework.boot.SpringApplication.run(SpringApplication.java:1306) ~[spring-boot-2.6.13.jar:2.6.13]
	at com.example.allsystem.AllSystemApplication.main(AllSystemApplication.java:13) ~[classes/:na]
Caused by: com.mysql.cj.exceptions.CJCommunicationsException: Communications link failure

The last packet sent successfully to the server was 0 milliseconds ago. The driver has not received any packets from the server.
	at sun.reflect.NativeConstructorAccessorImpl.newInstance0(Native Method) ~[na:1.8.0_491]
	at sun.reflect.NativeConstructorAccessorImpl.newInstance(NativeConstructorAccessorImpl.java:62) ~[na:1.8.0_491]
	at sun.reflect.DelegatingConstructorAccessorImpl.newInstance(DelegatingConstructorAccessorImpl.java:45) ~[na:1.8.0_491]
	at java.lang.reflect.Constructor.newInstance(Constructor.java:423) ~[na:1.8.0_491]
	at com.mysql.cj.exceptions.ExceptionFactory.createException(ExceptionFactory.java:61) ~[mysql-connector-j-8.0.31.jar:8.0.31]
	at com.mysql.cj.exceptions.ExceptionFactory.createException(ExceptionFactory.java:105) ~[mysql-connector-j-8.0.31.jar:8.0.31]
	at com.mysql.cj.exceptions.ExceptionFactory.createException(ExceptionFactory.java:151) ~[mysql-connector-j-8.0.31.jar:8.0.31]
	at com.mysql.cj.exceptions.ExceptionFactory.createCommunicationsException(ExceptionFactory.java:167) ~[mysql-connector-j-8.0.31.jar:8.0.31]
	at com.mysql.cj.protocol.a.NativeSocketConnection.connect(NativeSocketConnection.java:89) ~[mysql-connector-j-8.0.31.jar:8.0.31]
	at com.mysql.cj.NativeSession.connect(NativeSession.java:120) ~[mysql-connector-j-8.0.31.jar:8.0.31]
	at com.mysql.cj.jdbc.ConnectionImpl.connectOneTryOnly(ConnectionImpl.java:948) ~[mysql-connector-j-8.0.31.jar:8.0.31]
	at com.mysql.cj.jdbc.ConnectionImpl.createNewIO(ConnectionImpl.java:818) ~[mysql-connector-j-8.0.31.jar:8.0.31]
	... 48 common frames omitted
Caused by: java.net.ConnectException: Connection refused: connect
	at java.net.DualStackPlainSocketImpl.waitForConnect(Native Method) ~[na:1.8.0_491]
	at java.net.DualStackPlainSocketImpl.socketConnect(DualStackPlainSocketImpl.java:81) ~[na:1.8.0_491]
	at java.net.AbstractPlainSocketImpl.doConnect(AbstractPlainSocketImpl.java:476) ~[na:1.8.0_491]
	at java.net.AbstractPlainSocketImpl.connectToAddress(AbstractPlainSocketImpl.java:218) ~[na:1.8.0_491]
	at java.net.AbstractPlainSocketImpl.connect(AbstractPlainSocketImpl.java:200) ~[na:1.8.0_491]
	at java.net.PlainSocketImpl.connect(PlainSocketImpl.java:162) ~[na:1.8.0_491]
	at java.net.SocksSocketImpl.connect(SocksSocketImpl.java:394) ~[na:1.8.0_491]
	at java.net.Socket.connect(Socket.java:606) ~[na:1.8.0_491]
	at com.mysql.cj.protocol.StandardSocketFactory.connect(StandardSocketFactory.java:153) ~[mysql-connector-j-8.0.31.jar:8.0.31]
	at com.mysql.cj.protocol.a.NativeSocketConnection.connect(NativeSocketConnection.java:63) ~[mysql-connector-j-8.0.31.jar:8.0.31]
	... 51 common frames omitted

2026-08-31 10:50:39.263  INFO 20384 --- [main] o.hibernate.jpa.internal.util.LogHelper  : HHH000204: Processing PersistenceUnitInfo [name: default]
2026-08-31 10:50:39.300  INFO 20384 --- [main] org.hibernate.Version                    : HHH000412: Hibernate ORM core version 5.6.12.Final
2026-08-31 10:50:39.445  INFO 20384 --- [main] o.hibernate.annotations.common.Version   : HCANN000001: Hibernate Commons Annotations {5.1.2.Final}
2026-08-31 10:50:39.526  INFO 20384 --- [main] com.zaxxer.hikari.HikariDataSource       : HikariPool-1 - Starting...
2026-08-31 10:50:44.573 ERROR 20384 --- [main] com.zaxxer.hikari.pool.HikariPool        : HikariPool-1 - Exception during pool initialization.

com.mysql.cj.jdbc.exceptions.CommunicationsException: Communications link failure

The last packet sent successfully to the server was 0 milliseconds ago. The driver has not received any packets from the server.
	at com.mysql.cj.jdbc.exceptions.SQLError.createCommunicationsException(SQLError.java:174) ~[mysql-connector-j-8.0.31.jar:8.0.31]
	at com.mysql.cj.jdbc.exceptions.SQLExceptionsMapping.translateException(SQLExceptionsMapping.java:64) ~[mysql-connector-j-8.0.31.jar:8.0.31]
	at com.mysql.cj.jdbc.ConnectionImpl.createNewIO(ConnectionImpl.java:828) ~[mysql-connector-j-8.0.31.jar:8.0.31]
	at com.mysql.cj.jdbc.ConnectionImpl.<init>(ConnectionImpl.java:448) ~[mysql-connector-j-8.0.31.jar:8.0.31]
	at com.mysql.cj.jdbc.ConnectionImpl.getInstance(ConnectionImpl.java:241) ~[mysql-connector-j-8.0.31.jar:8.0.31]
	at com.mysql.cj.jdbc.NonRegisteringDriver.connect(NonRegisteringDriver.java:198) ~[mysql-connector-j-8.0.31.jar:8.0.31]
	at com.zaxxer.hikari.util.DriverDataSource.getConnection(DriverDataSource.java:138) ~[HikariCP-4.0.3.jar:na]
	at com.zaxxer.hikari.pool.PoolBase.newConnection(PoolBase.java:364) ~[HikariCP-4.0.3.jar:na]
	at com.zaxxer.hikari.pool.PoolBase.newPoolEntry(PoolBase.java:206) ~[HikariCP-4.0.3.jar:na]
	at com.zaxxer.hikari.pool.HikariPool.createPoolEntry(HikariPool.java:476) [HikariCP-4.0.3.jar:na]
	at com.zaxxer.hikari.pool.HikariPool.checkFailFast(HikariPool.java:561) [HikariCP-4.0.3.jar:na]
	at com.zaxxer.hikari.pool.HikariPool.<init>(HikariPool.java:115) [HikariCP-4.0.3.jar:na]
	at com.zaxxer.hikari.HikariDataSource.getConnection(HikariDataSource.java:112) [HikariCP-4.0.3.jar:na]
	at org.hibernate.engine.jdbc.connections.internal.DatasourceConnectionProviderImpl.getConnection(DatasourceConnectionProviderImpl.java:122) [hibernate-core-5.6.12.Final.jar:5.6.12.Final]
	at org.hibernate.engine.jdbc.env.internal.JdbcEnvironmentInitiator$ConnectionProviderJdbcConnectionAccess.obtainConnection(JdbcEnvironmentInitiator.java:181) [hibernate-core-5.6.12.Final.jar:5.6.12.Final]
	at org.hibernate.engine.jdbc.env.internal.JdbcEnvironmentInitiator.initiateService(JdbcEnvironmentInitiator.java:68) [hibernate-core-5.6.12.Final.jar:5.6.12.Final]
	at org.hibernate.engine.jdbc.env.internal.JdbcEnvironmentInitiator.initiateService(JdbcEnvironmentInitiator.java:35) [hibernate-core-5.6.12.Final.jar:5.6.12.Final]
	at org.hibernate.boot.registry.internal.StandardServiceRegistryImpl.initiateService(StandardServiceRegistryImpl.java:101) [hibernate-core-5.6.12.Final.jar:5.6.12.Final]
	at org.hibernate.service.internal.AbstractServiceRegistryImpl.createService(AbstractServiceRegistryImpl.java:263) [hibernate-core-5.6.12.Final.jar:5.6.12.Final]
	at org.hibernate.service.internal.AbstractServiceRegistryImpl.initializeService(AbstractServiceRegistryImpl.java:237) [hibernate-core-5.6.12.Final.jar:5.6.12.Final]
	at org.hibernate.service.internal.AbstractServiceRegistryImpl.getService(AbstractServiceRegistryImpl.java:214) [hibernate-core-5.6.12.Final.jar:5.6.12.Final]
	at org.hibernate.id.factory.internal.DefaultIdentifierGeneratorFactory.injectServices(DefaultIdentifierGeneratorFactory.java:175) [hibernate-core-5.6.12.Final.jar:5.6.12.Final]
	at org.hibernate.service.internal.AbstractServiceRegistryImpl.injectDependencies(AbstractServiceRegistryImpl.java:286) [hibernate-core-5.6.12.Final.jar:5.6.12.Final]
	at org.hibernate.service.internal.AbstractServiceRegistryImpl.initializeService(AbstractServiceRegistryImpl.java:243) [hibernate-core-5.6.12.Final.jar:5.6.12.Final]
	at org.hibernate.service.internal.AbstractServiceRegistryImpl.getService(AbstractServiceRegistryImpl.java:214) [hibernate-core-5.6.12.Final.jar:5.6.12.Final]
	at org.hibernate.boot.internal.InFlightMetadataCollectorImpl.<init>(InFlightMetadataCollectorImpl.java:173) [hibernate-core-5.6.12.Final.jar:5.6.12.Final]
	at org.hibernate.boot.model.process.spi.MetadataBuildingProcess.complete(MetadataBuildingProcess.java:127) [hibernate-core-5.6.12.Final.jar:5.6.12.Final]
	at org.hibernate.jpa.boot.internal.EntityManagerFactoryBuilderImpl.metadata(EntityManagerFactoryBuilderImpl.java:1460) [hibernate-core-5.6.12.Final.jar:5.6.12.Final]
	at org.hibernate.jpa.boot.internal.EntityManagerFactoryBuilderImpl.build(EntityManagerFactoryBuilderImpl.java:1494) [hibernate-core-5.6.12.Final.jar:5.6.12.Final]
	at org.springframework.orm.jpa.vendor.SpringHibernateJpaPersistenceProvider.createContainerEntityManagerFactory(SpringHibernateJpaPersistenceProvider.java:58) [spring-orm-5.3.23.jar:5.3.23]
	at org.springframework.orm.jpa.LocalContainerEntityManagerFactoryBean.createNativeEntityManagerFactory(LocalContainerEntityManagerFactoryBean.java:365) [spring-orm-5.3.23.jar:5.3.23]
	at org.springframework.orm.jpa.AbstractEntityManagerFactoryBean.buildNativeEntityManagerFactory(AbstractEntityManagerFactoryBean.java:409) [spring-orm-5.3.23.jar:5.3.23]
	at org.springframework.orm.jpa.AbstractEntityManagerFactoryBean.afterPropertiesSet(AbstractEntityManagerFactoryBean.java:396) [spring-orm-5.3.23.jar:5.3.23]
	at org.springframework.orm.jpa.LocalContainerEntityManagerFactoryBean.afterPropertiesSet(LocalContainerEntityManagerFactoryBean.java:341) [spring-orm-5.3.23.jar:5.3.23]
	at org.springframework.beans.factory.support.AbstractAutowireCapableBeanFactory.invokeInitMethods(AbstractAutowireCapableBeanFactory.java:1863) [spring-beans-5.3.23.jar:5.3.23]
	at org.springframework.beans.factory.support.AbstractAutowireCapableBeanFactory.initializeBean(AbstractAutowireCapableBeanFactory.java:1800) [spring-beans-5.3.23.jar:5.3.23]
	at org.springframework.beans.factory.support.AbstractAutowireCapableBeanFactory.doCreateBean(AbstractAutowireCapableBeanFactory.java:620) [spring-beans-5.3.23.jar:5.3.23]
	at org.springframework.beans.factory.support.AbstractAutowireCapableBeanFactory.createBean(AbstractAutowireCapableBeanFactory.java:542) [spring-beans-5.3.23.jar:5.3.23]
	at org.springframework.beans.factory.support.AbstractBeanFactory.lambda$doGetBean$0(AbstractBeanFactory.java:335) [spring-beans-5.3.23.jar:5.3.23]
	at org.springframework.beans.factory.support.DefaultSingletonBeanRegistry.getSingleton(DefaultSingletonBeanRegistry.java:234) ~[spring-beans-5.3.23.jar:5.3.23]
	at org.springframework.beans.factory.support.AbstractBeanFactory.doGetBean(AbstractBeanFactory.java:333) [spring-beans-5.3.23.jar:5.3.23]
	at org.springframework.beans.factory.support.AbstractBeanFactory.getBean(AbstractBeanFactory.java:208) [spring-beans-5.3.23.jar:5.3.23]
	at org.springframework.context.support.AbstractApplicationContext.getBean(AbstractApplicationContext.java:1154) ~[spring-context-5.3.23.jar:5.3.23]
	at org.springframework.context.support.AbstractApplicationContext.finishBeanFactoryInitialization(AbstractApplicationContext.java:908) ~[spring-context-5.3.23.jar:5.3.23]
	at org.springframework.context.support.AbstractApplicationContext.refresh(AbstractApplicationContext.java:583) ~[spring-context-5.3.23.jar:5.3.23]
	at org.springframework.boot.web.servlet.context.ServletWebServerApplicationContext.refresh(ServletWebServerApplicationContext.java:145) ~[spring-boot-2.6.13.jar:2.6.13]
	at org.springframework.boot.SpringApplication.refresh(SpringApplication.java:745) ~[spring-boot-2.6.13.jar:2.6.13]
	at org.springframework.boot.SpringApplication.refreshContext(SpringApplication.java:420) ~[spring-boot-2.6.13.jar:2.6.13]
	at org.springframework.boot.SpringApplication.run(SpringApplication.java:307) ~[spring-boot-2.6.13.jar:2.6.13]
	at org.springframework.boot.SpringApplication.run(SpringApplication.java:1317) ~[spring-boot-2.6.13.jar:2.6.13]
	at org.springframework.boot.SpringApplication.run(SpringApplication.java:1306) ~[spring-boot-2.6.13.jar:2.6.13]
	at com.example.allsystem.AllSystemApplication.main(AllSystemApplication.java:13) ~[classes/:na]
Caused by: com.mysql.cj.exceptions.CJCommunicationsException: Communications link failure

The last packet sent successfully to the server was 0 milliseconds ago. The driver has not received any packets from the server.
	at sun.reflect.NativeConstructorAccessorImpl.newInstance0(Native Method) ~[na:1.8.0_491]
	at sun.reflect.NativeConstructorAccessorImpl.newInstance(NativeConstructorAccessorImpl.java:62) ~[na:1.8.0_491]
	at sun.reflect.DelegatingConstructorAccessorImpl.newInstance(DelegatingConstructorAccessorImpl.java:45) ~[na:1.8.0_491]
	at java.lang.reflect.Constructor.newInstance(Constructor.java:423) ~[na:1.8.0_491]
	at com.mysql.cj.exceptions.ExceptionFactory.createException(ExceptionFactory.java:61) ~[mysql-connector-j-8.0.31.jar:8.0.31]
	at com.mysql.cj.exceptions.ExceptionFactory.createException(ExceptionFactory.java:105) ~[mysql-connector-j-8.0.31.jar:8.0.31]
	at com.mysql.cj.exceptions.ExceptionFactory.createException(ExceptionFactory.java:151) ~[mysql-connector-j-8.0.31.jar:8.0.31]
	at com.mysql.cj.exceptions.ExceptionFactory.createCommunicationsException(ExceptionFactory.java:167) ~[mysql-connector-j-8.0.31.jar:8.0.31]
	at com.mysql.cj.protocol.a.NativeSocketConnection.connect(NativeSocketConnection.java:89) ~[mysql-connector-j-8.0.31.jar:8.0.31]
	at com.mysql.cj.NativeSession.connect(NativeSession.java:120) ~[mysql-connector-j-8.0.31.jar:8.0.31]
	at com.mysql.cj.jdbc.ConnectionImpl.connectOneTryOnly(ConnectionImpl.java:948) ~[mysql-connector-j-8.0.31.jar:8.0.31]
	at com.mysql.cj.jdbc.ConnectionImpl.createNewIO(ConnectionImpl.java:818) ~[mysql-connector-j-8.0.31.jar:8.0.31]
	... 49 common frames omitted
Caused by: java.net.ConnectException: Connection refused: connect
	at java.net.DualStackPlainSocketImpl.waitForConnect(Native Method) ~[na:1.8.0_491]
	at java.net.DualStackPlainSocketImpl.socketConnect(DualStackPlainSocketImpl.java:81) ~[na:1.8.0_491]
	at java.net.AbstractPlainSocketImpl.doConnect(AbstractPlainSocketImpl.java:476) ~[na:1.8.0_491]
	at java.net.AbstractPlainSocketImpl.connectToAddress(AbstractPlainSocketImpl.java:218) ~[na:1.8.0_491]
	at java.net.AbstractPlainSocketImpl.connect(AbstractPlainSocketImpl.java:200) ~[na:1.8.0_491]
	at java.net.PlainSocketImpl.connect(PlainSocketImpl.java:162) ~[na:1.8.0_491]
	at java.net.SocksSocketImpl.connect(SocksSocketImpl.java:394) ~[na:1.8.0_491]
	at java.net.Socket.connect(Socket.java:606) ~[na:1.8.0_491]
	at com.mysql.cj.protocol.StandardSocketFactory.connect(StandardSocketFactory.java:153) ~[mysql-connector-j-8.0.31.jar:8.0.31]
	at com.mysql.cj.protocol.a.NativeSocketConnection.connect(NativeSocketConnection.java:63) ~[mysql-connector-j-8.0.31.jar:8.0.31]
	... 52 common frames omitted

2026-08-31 10:50:44.574  WARN 20384 --- [main] o.h.e.j.e.i.JdbcEnvironmentInitiator     : HHH000342: Could not obtain connection to query metadata

com.mysql.cj.jdbc.exceptions.CommunicationsException: Communications link failure

The last packet sent successfully to the server was 0 milliseconds ago. The driver has not received any packets from the server.
	at com.mysql.cj.jdbc.exceptions.SQLError.createCommunicationsException(SQLError.java:174) ~[mysql-connector-j-8.0.31.jar:8.0.31]
	at com.mysql.cj.jdbc.exceptions.SQLExceptionsMapping.translateException(SQLExceptionsMapping.java:64) ~[mysql-connector-j-8.0.31.jar:8.0.31]
	at com.mysql.cj.jdbc.ConnectionImpl.createNewIO(ConnectionImpl.java:828) ~[mysql-connector-j-8.0.31.jar:8.0.31]
	at com.mysql.cj.jdbc.ConnectionImpl.<init>(ConnectionImpl.java:448) ~[mysql-connector-j-8.0.31.jar:8.0.31]
	at com.mysql.cj.jdbc.ConnectionImpl.getInstance(ConnectionImpl.java:241) ~[mysql-connector-j-8.0.31.jar:8.0.31]
	at com.mysql.cj.jdbc.NonRegisteringDriver.connect(NonRegisteringDriver.java:198) ~[mysql-connector-j-8.0.31.jar:8.0.31]
	at com.zaxxer.hikari.util.DriverDataSource.getConnection(DriverDataSource.java:138) ~[HikariCP-4.0.3.jar:na]
	at com.zaxxer.hikari.pool.PoolBase.newConnection(PoolBase.java:364) ~[HikariCP-4.0.3.jar:na]
	at com.zaxxer.hikari.pool.PoolBase.newPoolEntry(PoolBase.java:206) ~[HikariCP-4.0.3.jar:na]
	at com.zaxxer.hikari.pool.HikariPool.createPoolEntry(HikariPool.java:476) ~[HikariCP-4.0.3.jar:na]
	at com.zaxxer.hikari.pool.HikariPool.checkFailFast(HikariPool.java:561) ~[HikariCP-4.0.3.jar:na]
	at com.zaxxer.hikari.pool.HikariPool.<init>(HikariPool.java:115) ~[HikariCP-4.0.3.jar:na]
	at com.zaxxer.hikari.HikariDataSource.getConnection(HikariDataSource.java:112) ~[HikariCP-4.0.3.jar:na]
	at org.hibernate.engine.jdbc.connections.internal.DatasourceConnectionProviderImpl.getConnection(DatasourceConnectionProviderImpl.java:122) ~[hibernate-core-5.6.12.Final.jar:5.6.12.Final]
	at org.hibernate.engine.jdbc.env.internal.JdbcEnvironmentInitiator$ConnectionProviderJdbcConnectionAccess.obtainConnection(JdbcEnvironmentInitiator.java:181) ~[hibernate-core-5.6.12.Final.jar:5.6.12.Final]
	at org.hibernate.engine.jdbc.env.internal.JdbcEnvironmentInitiator.initiateService(JdbcEnvironmentInitiator.java:68) [hibernate-core-5.6.12.Final.jar:5.6.12.Final]
	at org.hibernate.engine.jdbc.env.internal.JdbcEnvironmentInitiator.initiateService(JdbcEnvironmentInitiator.java:35) [hibernate-core-5.6.12.Final.jar:5.6.12.Final]
	at org.hibernate.boot.registry.internal.StandardServiceRegistryImpl.initiateService(StandardServiceRegistryImpl.java:101) [hibernate-core-5.6.12.Final.jar:5.6.12.Final]
	at org.hibernate.service.internal.AbstractServiceRegistryImpl.createService(AbstractServiceRegistryImpl.java:263) [hibernate-core-5.6.12.Final.jar:5.6.12.Final]
	at org.hibernate.service.internal.AbstractServiceRegistryImpl.initializeService(AbstractServiceRegistryImpl.java:237) [hibernate-core-5.6.12.Final.jar:5.6.12.Final]
	at org.hibernate.service.internal.AbstractServiceRegistryImpl.getService(AbstractServiceRegistryImpl.java:214) [hibernate-core-5.6.12.Final.jar:5.6.12.Final]
	at org.hibernate.id.factory.internal.DefaultIdentifierGeneratorFactory.injectServices(DefaultIdentifierGeneratorFactory.java:175) [hibernate-core-5.6.12.Final.jar:5.6.12.Final]
	at org.hibernate.service.internal.AbstractServiceRegistryImpl.injectDependencies(AbstractServiceRegistryImpl.java:286) [hibernate-core-5.6.12.Final.jar:5.6.12.Final]
	at org.hibernate.service.internal.AbstractServiceRegistryImpl.initializeService(AbstractServiceRegistryImpl.java:243) [hibernate-core-5.6.12.Final.jar:5.6.12.Final]
	at org.hibernate.service.internal.AbstractServiceRegistryImpl.getService(AbstractServiceRegistryImpl.java:214) [hibernate-core-5.6.12.Final.jar:5.6.12.Final]
	at org.hibernate.boot.internal.InFlightMetadataCollectorImpl.<init>(InFlightMetadataCollectorImpl.java:173) [hibernate-core-5.6.12.Final.jar:5.6.12.Final]
	at org.hibernate.boot.model.process.spi.MetadataBuildingProcess.complete(MetadataBuildingProcess.java:127) [hibernate-core-5.6.12.Final.jar:5.6.12.Final]
	at org.hibernate.jpa.boot.internal.EntityManagerFactoryBuilderImpl.metadata(EntityManagerFactoryBuilderImpl.java:1460) [hibernate-core-5.6.12.Final.jar:5.6.12.Final]
	at org.hibernate.jpa.boot.internal.EntityManagerFactoryBuilderImpl.build(EntityManagerFactoryBuilderImpl.java:1494) [hibernate-core-5.6.12.Final.jar:5.6.12.Final]
	at org.springframework.orm.jpa.vendor.SpringHibernateJpaPersistenceProvider.createContainerEntityManagerFactory(SpringHibernateJpaPersistenceProvider.java:58) [spring-orm-5.3.23.jar:5.3.23]
	at org.springframework.orm.jpa.LocalContainerEntityManagerFactoryBean.createNativeEntityManagerFactory(LocalContainerEntityManagerFactoryBean.java:365) [spring-orm-5.3.23.jar:5.3.23]
	at org.springframework.orm.jpa.AbstractEntityManagerFactoryBean.buildNativeEntityManagerFactory(AbstractEntityManagerFactoryBean.java:409) [spring-orm-5.3.23.jar:5.3.23]
	at org.springframework.orm.jpa.AbstractEntityManagerFactoryBean.afterPropertiesSet(AbstractEntityManagerFactoryBean.java:396) [spring-orm-5.3.23.jar:5.3.23]
	at org.springframework.orm.jpa.LocalContainerEntityManagerFactoryBean.afterPropertiesSet(LocalContainerEntityManagerFactoryBean.java:341) [spring-orm-5.3.23.jar:5.3.23]
	at org.springframework.beans.factory.support.AbstractAutowireCapableBeanFactory.invokeInitMethods(AbstractAutowireCapableBeanFactory.java:1863) [spring-beans-5.3.23.jar:5.3.23]
	at org.springframework.beans.factory.support.AbstractAutowireCapableBeanFactory.initializeBean(AbstractAutowireCapableBeanFactory.java:1800) [spring-beans-5.3.23.jar:5.3.23]
	at org.springframework.beans.factory.support.AbstractAutowireCapableBeanFactory.doCreateBean(AbstractAutowireCapableBeanFactory.java:620) [spring-beans-5.3.23.jar:5.3.23]
	at org.springframework.beans.factory.support.AbstractAutowireCapableBeanFactory.createBean(AbstractAutowireCapableBeanFactory.java:542) [spring-beans-5.3.23.jar:5.3.23]
	at org.springframework.beans.factory.support.AbstractBeanFactory.lambda$doGetBean$0(AbstractBeanFactory.java:335) [spring-beans-5.3.23.jar:5.3.23]
	at org.springframework.beans.factory.support.DefaultSingletonBeanRegistry.getSingleton(DefaultSingletonBeanRegistry.java:234) ~[spring-beans-5.3.23.jar:5.3.23]
	at org.springframework.beans.factory.support.AbstractBeanFactory.doGetBean(AbstractBeanFactory.java:333) [spring-beans-5.3.23.jar:5.3.23]
	at org.springframework.beans.factory.support.AbstractBeanFactory.getBean(AbstractBeanFactory.java:208) [spring-beans-5.3.23.jar:5.3.23]
	at org.springframework.context.support.AbstractApplicationContext.getBean(AbstractApplicationContext.java:1154) ~[spring-context-5.3.23.jar:5.3.23]
	at org.springframework.context.support.AbstractApplicationContext.finishBeanFactoryInitialization(AbstractApplicationContext.java:908) ~[spring-context-5.3.23.jar:5.3.23]
	at org.springframework.context.support.AbstractApplicationContext.refresh(AbstractApplicationContext.java:583) ~[spring-context-5.3.23.jar:5.3.23]
	at org.springframework.boot.web.servlet.context.ServletWebServerApplicationContext.refresh(ServletWebServerApplicationContext.java:145) ~[spring-boot-2.6.13.jar:2.6.13]
	at org.springframework.boot.SpringApplication.refresh(SpringApplication.java:745) ~[spring-boot-2.6.13.jar:2.6.13]
	at org.springframework.boot.SpringApplication.refreshContext(SpringApplication.java:420) ~[spring-boot-2.6.13.jar:2.6.13]
	at org.springframework.boot.SpringApplication.run(SpringApplication.java:307) ~[spring-boot-2.6.13.jar:2.6.13]
	at org.springframework.boot.SpringApplication.run(SpringApplication.java:1317) ~[spring-boot-2.6.13.jar:2.6.13]
	at org.springframework.boot.SpringApplication.run(SpringApplication.java:1306) ~[spring-boot-2.6.13.jar:2.6.13]
	at com.example.allsystem.AllSystemApplication.main(AllSystemApplication.java:13) ~[classes/:na]
Caused by: com.mysql.cj.exceptions.CJCommunicationsException: Communications link failure

The last packet sent successfully to the server was 0 milliseconds ago. The driver has not received any packets from the server.
	at sun.reflect.NativeConstructorAccessorImpl.newInstance0(Native Method) ~[na:1.8.0_491]
	at sun.reflect.NativeConstructorAccessorImpl.newInstance(NativeConstructorAccessorImpl.java:62) ~[na:1.8.0_491]
	at sun.reflect.DelegatingConstructorAccessorImpl.newInstance(DelegatingConstructorAccessorImpl.java:45) ~[na:1.8.0_491]
	at java.lang.reflect.Constructor.newInstance(Constructor.java:423) ~[na:1.8.0_491]
	at com.mysql.cj.exceptions.ExceptionFactory.createException(ExceptionFactory.java:61) ~[mysql-connector-j-8.0.31.jar:8.0.31]
	at com.mysql.cj.exceptions.ExceptionFactory.createException(ExceptionFactory.java:105) ~[mysql-connector-j-8.0.31.jar:8.0.31]
	at com.mysql.cj.exceptions.ExceptionFactory.createException(ExceptionFactory.java:151) ~[mysql-connector-j-8.0.31.jar:8.0.31]
	at com.mysql.cj.exceptions.ExceptionFactory.createCommunicationsException(ExceptionFactory.java:167) ~[mysql-connector-j-8.0.31.jar:8.0.31]
	at com.mysql.cj.protocol.a.NativeSocketConnection.connect(NativeSocketConnection.java:89) ~[mysql-connector-j-8.0.31.jar:8.0.31]
	at com.mysql.cj.NativeSession.connect(NativeSession.java:120) ~[mysql-connector-j-8.0.31.jar:8.0.31]
	at com.mysql.cj.jdbc.ConnectionImpl.connectOneTryOnly(ConnectionImpl.java:948) ~[mysql-connector-j-8.0.31.jar:8.0.31]
	at com.mysql.cj.jdbc.ConnectionImpl.createNewIO(ConnectionImpl.java:818) ~[mysql-connector-j-8.0.31.jar:8.0.31]
	... 49 common frames omitted
Caused by: java.net.ConnectException: Connection refused: connect
	at java.net.DualStackPlainSocketImpl.waitForConnect(Native Method) ~[na:1.8.0_491]
	at java.net.DualStackPlainSocketImpl.socketConnect(DualStackPlainSocketImpl.java:81) ~[na:1.8.0_491]
	at java.net.AbstractPlainSocketImpl.doConnect(AbstractPlainSocketImpl.java:476) ~[na:1.8.0_491]
	at java.net.AbstractPlainSocketImpl.connectToAddress(AbstractPlainSocketImpl.java:218) ~[na:1.8.0_491]
	at java.net.AbstractPlainSocketImpl.connect(AbstractPlainSocketImpl.java:200) ~[na:1.8.0_491]
	at java.net.PlainSocketImpl.connect(PlainSocketImpl.java:162) ~[na:1.8.0_491]
	at java.net.SocksSocketImpl.connect(SocksSocketImpl.java:394) ~[na:1.8.0_491]
	at java.net.Socket.connect(Socket.java:606) ~[na:1.8.0_491]
	at com.mysql.cj.protocol.StandardSocketFactory.connect(StandardSocketFactory.java:153) ~[mysql-connector-j-8.0.31.jar:8.0.31]
	at com.mysql.cj.protocol.a.NativeSocketConnection.connect(NativeSocketConnection.java:63) ~[mysql-connector-j-8.0.31.jar:8.0.31]
	... 52 common frames omitted

2026-08-31 10:50:44.576 ERROR 20384 --- [main] j.LocalContainerEntityManagerFactoryBean : Failed to initialize JPA EntityManagerFactory: Unable to create requested service [org.hibernate.engine.jdbc.env.spi.JdbcEnvironment]
2026-08-31 10:50:44.577  WARN 20384 --- [main] ConfigServletWebServerApplicationContext : Exception encountered during context initialization - cancelling refresh attempt: org.springframework.beans.factory.BeanCreationException: Error creating bean with name 'entityManagerFactory' defined in class path resource [org/springframework/boot/autoconfigure/orm/jpa/HibernateJpaConfiguration.class]: Invocation of init method failed; nested exception is org.hibernate.service.spi.ServiceException: Unable to create requested service [org.hibernate.engine.jdbc.env.spi.JdbcEnvironment]
2026-08-31 10:50:44.579  INFO 20384 --- [main] o.apache.catalina.core.StandardService   : Stopping service [Tomcat]
2026-08-31 10:50:44.586  INFO 20384 --- [main] ConditionEvaluationReportLoggingListener : 

Error starting ApplicationContext. To display the conditions report re-run your application with 'debug' enabled.
2026-08-31 10:50:44.600 ERROR 20384 --- [main] o.s.boot.SpringApplication               : Application run failed

org.springframework.beans.factory.BeanCreationException: Error creating bean with name 'entityManagerFactory' defined in class path resource [org/springframework/boot/autoconfigure/orm/jpa/HibernateJpaConfiguration.class]: Invocation of init method failed; nested exception is org.hibernate.service.spi.ServiceException: Unable to create requested service [org.hibernate.engine.jdbc.env.spi.JdbcEnvironment]
	at org.springframework.beans.factory.support.AbstractAutowireCapableBeanFactory.initializeBean(AbstractAutowireCapableBeanFactory.java:1804) ~[spring-beans-5.3.23.jar:5.3.23]
	at org.springframework.beans.factory.support.AbstractAutowireCapableBeanFactory.doCreateBean(AbstractAutowireCapableBeanFactory.java:620) ~[spring-beans-5.3.23.jar:5.3.23]
	at org.springframework.beans.factory.support.AbstractAutowireCapableBeanFactory.createBean(AbstractAutowireCapableBeanFactory.java:542) ~[spring-beans-5.3.23.jar:5.3.23]
	at org.springframework.beans.factory.support.AbstractBeanFactory.lambda$doGetBean$0(AbstractBeanFactory.java:335) ~[spring-beans-5.3.23.jar:5.3.23]
	at org.springframework.beans.factory.support.DefaultSingletonBeanRegistry.getSingleton(DefaultSingletonBeanRegistry.java:234) ~[spring-beans-5.3.23.jar:5.3.23]
	at org.springframework.beans.factory.support.AbstractBeanFactory.doGetBean(AbstractBeanFactory.java:333) ~[spring-beans-5.3.23.jar:5.3.23]
	at org.springframework.beans.factory.support.AbstractBeanFactory.getBean(AbstractBeanFactory.java:208) ~[spring-beans-5.3.23.jar:5.3.23]
	at org.springframework.context.support.AbstractApplicationContext.getBean(AbstractApplicationContext.java:1154) ~[spring-context-5.3.23.jar:5.3.23]
	at org.springframework.context.support.AbstractApplicationContext.finishBeanFactoryInitialization(AbstractApplicationContext.java:908) ~[spring-context-5.3.23.jar:5.3.23]
	at org.springframework.context.support.AbstractApplicationContext.refresh(AbstractApplicationContext.java:583) ~[spring-context-5.3.23.jar:5.3.23]
	at org.springframework.boot.web.servlet.context.ServletWebServerApplicationContext.refresh(ServletWebServerApplicationContext.java:145) ~[spring-boot-2.6.13.jar:2.6.13]
	at org.springframework.boot.SpringApplication.refresh(SpringApplication.java:745) [spring-boot-2.6.13.jar:2.6.13]
	at org.springframework.boot.SpringApplication.refreshContext(SpringApplication.java:420) [spring-boot-2.6.13.jar:2.6.13]
	at org.springframework.boot.SpringApplication.run(SpringApplication.java:307) [spring-boot-2.6.13.jar:2.6.13]
	at org.springframework.boot.SpringApplication.run(SpringApplication.java:1317) [spring-boot-2.6.13.jar:2.6.13]
	at org.springframework.boot.SpringApplication.run(SpringApplication.java:1306) [spring-boot-2.6.13.jar:2.6.13]
	at com.example.allsystem.AllSystemApplication.main(AllSystemApplication.java:13) [classes/:na]
Caused by: org.hibernate.service.spi.ServiceException: Unable to create requested service [org.hibernate.engine.jdbc.env.spi.JdbcEnvironment]
	at org.hibernate.service.internal.AbstractServiceRegistryImpl.createService(AbstractServiceRegistryImpl.java:275) ~[hibernate-core-5.6.12.Final.jar:5.6.12.Final]
	at org.hibernate.service.internal.AbstractServiceRegistryImpl.initializeService(AbstractServiceRegistryImpl.java:237) ~[hibernate-core-5.6.12.Final.jar:5.6.12.Final]
	at org.hibernate.service.internal.AbstractServiceRegistryImpl.getService(AbstractServiceRegistryImpl.java:214) ~[hibernate-core-5.6.12.Final.jar:5.6.12.Final]
	at org.hibernate.id.factory.internal.DefaultIdentifierGeneratorFactory.injectServices(DefaultIdentifierGeneratorFactory.java:175) ~[hibernate-core-5.6.12.Final.jar:5.6.12.Final]
	at org.hibernate.service.internal.AbstractServiceRegistryImpl.injectDependencies(AbstractServiceRegistryImpl.java:286) ~[hibernate-core-5.6.12.Final.jar:5.6.12.Final]
	at org.hibernate.service.internal.AbstractServiceRegistryImpl.initializeService(AbstractServiceRegistryImpl.java:243) ~[hibernate-core-5.6.12.Final.jar:5.6.12.Final]
	at org.hibernate.service.internal.AbstractServiceRegistryImpl.getService(AbstractServiceRegistryImpl.java:214) ~[hibernate-core-5.6.12.Final.jar:5.6.12.Final]
	at org.hibernate.boot.internal.InFlightMetadataCollectorImpl.<init>(InFlightMetadataCollectorImpl.java:173) ~[hibernate-core-5.6.12.Final.jar:5.6.12.Final]
	at org.hibernate.boot.model.process.spi.MetadataBuildingProcess.complete(MetadataBuildingProcess.java:127) ~[hibernate-core-5.6.12.Final.jar:5.6.12.Final]
	at org.hibernate.jpa.boot.internal.EntityManagerFactoryBuilderImpl.metadata(EntityManagerFactoryBuilderImpl.java:1460) ~[hibernate-core-5.6.12.Final.jar:5.6.12.Final]
	at org.hibernate.jpa.boot.internal.EntityManagerFactoryBuilderImpl.build(EntityManagerFactoryBuilderImpl.java:1494) ~[hibernate-core-5.6.12.Final.jar:5.6.12.Final]
	at org.springframework.orm.jpa.vendor.SpringHibernateJpaPersistenceProvider.createContainerEntityManagerFactory(SpringHibernateJpaPersistenceProvider.java:58) ~[spring-orm-5.3.23.jar:5.3.23]
	at org.springframework.orm.jpa.LocalContainerEntityManagerFactoryBean.createNativeEntityManagerFactory(LocalContainerEntityManagerFactoryBean.java:365) ~[spring-orm-5.3.23.jar:5.3.23]
	at org.springframework.orm.jpa.AbstractEntityManagerFactoryBean.buildNativeEntityManagerFactory(AbstractEntityManagerFactoryBean.java:409) ~[spring-orm-5.3.23.jar:5.3.23]
	at org.springframework.orm.jpa.AbstractEntityManagerFactoryBean.afterPropertiesSet(AbstractEntityManagerFactoryBean.java:396) ~[spring-orm-5.3.23.jar:5.3.23]
	at org.springframework.orm.jpa.LocalContainerEntityManagerFactoryBean.afterPropertiesSet(LocalContainerEntityManagerFactoryBean.java:341) ~[spring-orm-5.3.23.jar:5.3.23]
	at org.springframework.beans.factory.support.AbstractAutowireCapableBeanFactory.invokeInitMethods(AbstractAutowireCapableBeanFactory.java:1863) ~[spring-beans-5.3.23.jar:5.3.23]
	at org.springframework.beans.factory.support.AbstractAutowireCapableBeanFactory.initializeBean(AbstractAutowireCapableBeanFactory.java:1800) ~[spring-beans-5.3.23.jar:5.3.23]
	... 16 common frames omitted
Caused by: org.hibernate.HibernateException: Access to DialectResolutionInfo cannot be null when 'hibernate.dialect' not set
	at org.hibernate.engine.jdbc.dialect.internal.DialectFactoryImpl.determineDialect(DialectFactoryImpl.java:100) ~[hibernate-core-5.6.12.Final.jar:5.6.12.Final]
	at org.hibernate.engine.jdbc.dialect.internal.DialectFactoryImpl.buildDialect(DialectFactoryImpl.java:54) ~[hibernate-core-5.6.12.Final.jar:5.6.12.Final]
	at org.hibernate.engine.jdbc.env.internal.JdbcEnvironmentInitiator.initiateService(JdbcEnvironmentInitiator.java:138) ~[hibernate-core-5.6.12.Final.jar:5.6.12.Final]
	at org.hibernate.engine.jdbc.env.internal.JdbcEnvironmentInitiator.initiateService(JdbcEnvironmentInitiator.java:35) ~[hibernate-core-5.6.12.Final.jar:5.6.12.Final]
	at org.hibernate.boot.registry.internal.StandardServiceRegistryImpl.initiateService(StandardServiceRegistryImpl.java:101) ~[hibernate-core-5.6.12.Final.jar:5.6.12.Final]
	at org.hibernate.service.internal.AbstractServiceRegistryImpl.createService(AbstractServiceRegistryImpl.java:263) ~[hibernate-core-5.6.12.Final.jar:5.6.12.Final]
	... 33 common frames omitted

2026-08-31 11:10:10.777  INFO 19168 --- [main] c.e.allsystem.AllSystemApplication       : Starting AllSystemApplication using Java 1.8.0_491 on wmh with PID 19168 (D:\JavaProject\all-system\target\classes started by 10566 in D:\JavaProject\all-system)
2026-08-31 11:10:10.780  INFO 19168 --- [main] c.e.allsystem.AllSystemApplication       : The following 1 profile is active: "dev"
2026-08-31 11:10:11.203  INFO 19168 --- [main] .s.d.r.c.RepositoryConfigurationDelegate : Bootstrapping Spring Data JPA repositories in DEFAULT mode.
2026-08-31 11:10:11.239  INFO 19168 --- [main] .s.d.r.c.RepositoryConfigurationDelegate : Finished Spring Data repository scanning in 6 ms. Found 0 JPA repository interfaces.
2026-08-31 11:10:11.932  INFO 19168 --- [main] o.s.b.w.embedded.tomcat.TomcatWebServer  : Tomcat initialized with port(s): 8999 (http)
2026-08-31 11:10:11.941  INFO 19168 --- [main] o.apache.catalina.core.StandardService   : Starting service [Tomcat]
2026-08-31 11:10:11.941  INFO 19168 --- [main] org.apache.catalina.core.StandardEngine  : Starting Servlet engine: [Apache Tomcat/9.0.68]
2026-08-31 11:10:12.065  INFO 19168 --- [main] o.a.c.c.C.[Tomcat].[localhost].[/]       : Initializing Spring embedded WebApplicationContext
2026-08-31 11:10:12.065  INFO 19168 --- [main] w.s.c.ServletWebServerApplicationContext : Root WebApplicationContext: initialization completed in 1238 ms
2026-08-31 11:10:12.221  INFO 19168 --- [main] com.zaxxer.hikari.HikariDataSource       : HikariPool-1 - Starting...
2026-08-31 11:10:12.305  INFO 19168 --- [main] com.zaxxer.hikari.HikariDataSource       : HikariPool-1 - Start completed.
2026-08-31 11:10:12.333  INFO 19168 --- [main] o.hibernate.jpa.internal.util.LogHelper  : HHH000204: Processing PersistenceUnitInfo [name: default]
2026-08-31 11:10:12.397  INFO 19168 --- [main] org.hibernate.Version                    : HHH000412: Hibernate ORM core version 5.6.12.Final
2026-08-31 11:10:12.528  INFO 19168 --- [main] o.hibernate.annotations.common.Version   : HCANN000001: Hibernate Commons Annotations {5.1.2.Final}
2026-08-31 11:10:12.596  INFO 19168 --- [main] org.hibernate.dialect.Dialect            : HHH000400: Using dialect: org.hibernate.dialect.MySQL8Dialect
2026-08-31 11:10:12.684  INFO 19168 --- [main] o.h.e.t.j.p.i.JtaPlatformInitiator       : HHH000490: Using JtaPlatform implementation: [org.hibernate.engine.transaction.jta.platform.internal.NoJtaPlatform]
2026-08-31 11:10:12.693  INFO 19168 --- [main] j.LocalContainerEntityManagerFactoryBean : Initialized JPA EntityManagerFactory for persistence unit 'default'
2026-08-31 11:10:13.500  WARN 19168 --- [main] .s.s.UserDetailsServiceAutoConfiguration : 

Using generated security password: 2a5d5bd5-bc20-46e3-85b1-0f421f7fe924

This generated password is for development use only. Your security configuration must be updated before running your application in production.

2026-08-31 11:10:13.568  INFO 19168 --- [main] o.s.s.web.DefaultSecurityFilterChain     : Will secure any request with [org.springframework.security.web.context.request.async.WebAsyncManagerIntegrationFilter@14292d71, org.springframework.security.web.context.SecurityContextPersistenceFilter@72715e61, org.springframework.security.web.header.HeaderWriterFilter@386e9fd8, org.springframework.security.web.authentication.logout.LogoutFilter@416b1265, org.springframework.security.web.savedrequest.RequestCacheAwareFilter@5a6195b8, org.springframework.security.web.servletapi.SecurityContextHolderAwareRequestFilter@75dc1c1c, org.springframework.security.web.authentication.AnonymousAuthenticationFilter@48e74764, org.springframework.security.web.session.SessionManagementFilter@10745a02, org.springframework.security.web.access.ExceptionTranslationFilter@5403431a, org.springframework.security.web.access.intercept.AuthorizationFilter@6c24f61d]
2026-08-31 11:10:13.590  WARN 19168 --- [main] JpaBaseConfiguration$JpaWebConfiguration : spring.jpa.open-in-view is enabled by default. Therefore, database queries may be performed during view rendering. Explicitly configure spring.jpa.open-in-view to disable this warning
2026-08-31 11:10:13.780  INFO 19168 --- [main] o.s.b.w.embedded.tomcat.TomcatWebServer  : Tomcat started on port(s): 8999 (http) with context path ''
2026-08-31 11:10:13.785  INFO 19168 --- [main] c.e.allsystem.AllSystemApplication       : Started AllSystemApplication in 3.241 seconds (JVM running for 3.547)
2026-08-31 11:10:37.044  INFO 19168 --- [http-nio-8999-exec-2] o.a.c.c.C.[Tomcat].[localhost].[/]       : Initializing Spring DispatcherServlet 'dispatcherServlet'
2026-08-31 11:10:37.045  INFO 19168 --- [http-nio-8999-exec-2] o.s.web.servlet.DispatcherServlet        : Initializing Servlet 'dispatcherServlet'
2026-08-31 11:10:37.048  INFO 19168 --- [http-nio-8999-exec-2] o.s.web.servlet.DispatcherServlet        : Completed initialization in 2 ms
2026-08-31 11:10:37.394  INFO 19168 --- [http-nio-8999-exec-2] c.e.a.controller.UserLoginController     : userLogin:UserLogin(userId=null, userName=123, password=123, role=null, email=null, regDate=null)
2026-08-31 11:10:37.639 ERROR 19168 --- [http-nio-8999-exec-2] o.a.c.c.C.[.[.[/].[dispatcherServlet]    : Servlet.service() for servlet [dispatcherServlet] in context with path [] threw exception [Request processing failed; nested exception is org.mybatis.spring.MyBatisSystemException: nested exception is org.apache.ibatis.exceptions.TooManyResultsException: Expected one result (or null) to be returned by selectOne(), but found: 5] with root cause

org.apache.ibatis.exceptions.TooManyResultsException: Expected one result (or null) to be returned by selectOne(), but found: 5
	at org.apache.ibatis.session.defaults.DefaultSqlSession.selectOne(DefaultSqlSession.java:80) ~[mybatis-3.5.4.jar:3.5.4]
	at sun.reflect.NativeMethodAccessorImpl.invoke0(Native Method) ~[na:1.8.0_491]
	at sun.reflect.NativeMethodAccessorImpl.invoke(NativeMethodAccessorImpl.java:62) ~[na:1.8.0_491]
	at sun.reflect.DelegatingMethodAccessorImpl.invoke(DelegatingMethodAccessorImpl.java:43) ~[na:1.8.0_491]
	at java.lang.reflect.Method.invoke(Method.java:498) ~[na:1.8.0_491]
	at org.mybatis.spring.SqlSessionTemplate$SqlSessionInterceptor.invoke(SqlSessionTemplate.java:426) ~[mybatis-spring-2.0.4.jar:2.0.4]
	at com.sun.proxy.$Proxy87.selectOne(Unknown Source) ~[na:na]
	at org.mybatis.spring.SqlSessionTemplate.selectOne(SqlSessionTemplate.java:159) ~[mybatis-spring-2.0.4.jar:2.0.4]
	at com.baomidou.mybatisplus.core.override.MybatisMapperMethod.execute(MybatisMapperMethod.java:108) ~[mybatis-plus-core-3.3.2.jar:3.3.2]
	at com.baomidou.mybatisplus.core.override.MybatisMapperProxy.invoke(MybatisMapperProxy.java:96) ~[mybatis-plus-core-3.3.2.jar:3.3.2]
	at com.sun.proxy.$Proxy88.selectOne(Unknown Source) ~[na:na]
	at com.baomidou.mybatisplus.extension.conditions.query.ChainQuery.one(ChainQuery.java:48) ~[mybatis-plus-extension-3.3.2.jar:3.3.2]
	at com.example.allsystem.service.impl.UserLoginServiceImpl.login(UserLoginServiceImpl.java:33) ~[classes/:na]
	at com.example.allsystem.service.impl.UserLoginServiceImpl$$FastClassBySpringCGLIB$$f5b3549d.invoke(<generated>) ~[classes/:na]
	at org.springframework.cglib.proxy.MethodProxy.invoke(MethodProxy.java:218) ~[spring-core-5.3.23.jar:5.3.23]
	at org.springframework.aop.framework.CglibAopProxy.invokeMethod(CglibAopProxy.java:386) ~[spring-aop-5.3.23.jar:5.3.23]
	at org.springframework.aop.framework.CglibAopProxy.access$000(CglibAopProxy.java:85) ~[spring-aop-5.3.23.jar:5.3.23]
	at org.springframework.aop.framework.CglibAopProxy$DynamicAdvisedInterceptor.intercept(CglibAopProxy.java:704) ~[spring-aop-5.3.23.jar:5.3.23]
	at com.example.allsystem.service.impl.UserLoginServiceImpl$$EnhancerBySpringCGLIB$$695f3efc.login(<generated>) ~[classes/:na]
	at com.example.allsystem.controller.UserLoginController.login(UserLoginController.java:60) ~[classes/:na]
	at sun.reflect.NativeMethodAccessorImpl.invoke0(Native Method) ~[na:1.8.0_491]
	at sun.reflect.NativeMethodAccessorImpl.invoke(NativeMethodAccessorImpl.java:62) ~[na:1.8.0_491]
	at sun.reflect.DelegatingMethodAccessorImpl.invoke(DelegatingMethodAccessorImpl.java:43) ~[na:1.8.0_491]
	at java.lang.reflect.Method.invoke(Method.java:498) ~[na:1.8.0_491]
	at org.springframework.web.method.support.InvocableHandlerMethod.doInvoke(InvocableHandlerMethod.java:205) ~[spring-web-5.3.23.jar:5.3.23]
	at org.springframework.web.method.support.InvocableHandlerMethod.invokeForRequest(InvocableHandlerMethod.java:150) ~[spring-web-5.3.23.jar:5.3.23]
	at org.springframework.web.servlet.mvc.method.annotation.ServletInvocableHandlerMethod.invokeAndHandle(ServletInvocableHandlerMethod.java:117) ~[spring-webmvc-5.3.23.jar:5.3.23]
	at org.springframework.web.servlet.mvc.method.annotation.RequestMappingHandlerAdapter.invokeHandlerMethod(RequestMappingHandlerAdapter.java:895) ~[spring-webmvc-5.3.23.jar:5.3.23]
	at org.springframework.web.servlet.mvc.method.annotation.RequestMappingHandlerAdapter.handleInternal(RequestMappingHandlerAdapter.java:808) ~[spring-webmvc-5.3.23.jar:5.3.23]
	at org.springframework.web.servlet.mvc.method.AbstractHandlerMethodAdapter.handle(AbstractHandlerMethodAdapter.java:87) ~[spring-webmvc-5.3.23.jar:5.3.23]
	at org.springframework.web.servlet.DispatcherServlet.doDispatch(DispatcherServlet.java:1071) ~[spring-webmvc-5.3.23.jar:5.3.23]
	at org.springframework.web.servlet.DispatcherServlet.doService(DispatcherServlet.java:964) ~[spring-webmvc-5.3.23.jar:5.3.23]
	at org.springframework.web.servlet.FrameworkServlet.processRequest(FrameworkServlet.java:1006) ~[spring-webmvc-5.3.23.jar:5.3.23]
	at org.springframework.web.servlet.FrameworkServlet.doPost(FrameworkServlet.java:909) ~[spring-webmvc-5.3.23.jar:5.3.23]
	at javax.servlet.http.HttpServlet.service(HttpServlet.java:696) ~[tomcat-embed-core-9.0.68.jar:4.0.FR]
	at org.springframework.web.servlet.FrameworkServlet.service(FrameworkServlet.java:883) ~[spring-webmvc-5.3.23.jar:5.3.23]
	at javax.servlet.http.HttpServlet.service(HttpServlet.java:779) ~[tomcat-embed-core-9.0.68.jar:4.0.FR]
	at org.apache.catalina.core.ApplicationFilterChain.internalDoFilter(ApplicationFilterChain.java:227) ~[tomcat-embed-core-9.0.68.jar:9.0.68]
	at org.apache.catalina.core.ApplicationFilterChain.doFilter(ApplicationFilterChain.java:162) ~[tomcat-embed-core-9.0.68.jar:9.0.68]
	at org.apache.tomcat.websocket.server.WsFilter.doFilter(WsFilter.java:53) ~[tomcat-embed-websocket-9.0.68.jar:9.0.68]
	at org.apache.catalina.core.ApplicationFilterChain.internalDoFilter(ApplicationFilterChain.java:189) ~[tomcat-embed-core-9.0.68.jar:9.0.68]
	at org.apache.catalina.core.ApplicationFilterChain.doFilter(ApplicationFilterChain.java:162) ~[tomcat-embed-core-9.0.68.jar:9.0.68]
	at org.springframework.security.web.FilterChainProxy$VirtualFilterChain.doFilter(FilterChainProxy.java:337) ~[spring-security-web-5.6.8.jar:5.6.8]
	at org.springframework.security.web.access.intercept.AuthorizationFilter.doFilterInternal(AuthorizationFilter.java:58) ~[spring-security-web-5.6.8.jar:5.6.8]
	at org.springframework.web.filter.OncePerRequestFilter.doFilter(OncePerRequestFilter.java:117) ~[spring-web-5.3.23.jar:5.3.23]
	at org.springframework.security.web.FilterChainProxy$VirtualFilterChain.doFilter(FilterChainProxy.java:346) ~[spring-security-web-5.6.8.jar:5.6.8]
	at org.springframework.security.web.access.ExceptionTranslationFilter.doFilter(ExceptionTranslationFilter.java:122) ~[spring-security-web-5.6.8.jar:5.6.8]
	at org.springframework.security.web.access.ExceptionTranslationFilter.doFilter(ExceptionTranslationFilter.java:116) ~[spring-security-web-5.6.8.jar:5.6.8]
	at org.springframework.security.web.FilterChainProxy$VirtualFilterChain.doFilter(FilterChainProxy.java:346) ~[spring-security-web-5.6.8.jar:5.6.8]
	at org.springframework.security.web.session.SessionManagementFilter.doFilter(SessionManagementFilter.java:126) ~[spring-security-web-5.6.8.jar:5.6.8]
	at org.springframework.security.web.session.SessionManagementFilter.doFilter(SessionManagementFilter.java:81) ~[spring-security-web-5.6.8.jar:5.6.8]
	at org.springframework.security.web.FilterChainProxy$VirtualFilterChain.doFilter(FilterChainProxy.java:346) ~[spring-security-web-5.6.8.jar:5.6.8]
	at org.springframework.security.web.authentication.AnonymousAuthenticationFilter.doFilter(AnonymousAuthenticationFilter.java:109) ~[spring-security-web-5.6.8.jar:5.6.8]
	at org.springframework.security.web.FilterChainProxy$VirtualFilterChain.doFilter(FilterChainProxy.java:346) ~[spring-security-web-5.6.8.jar:5.6.8]
	at org.springframework.security.web.servletapi.SecurityContextHolderAwareRequestFilter.doFilter(SecurityContextHolderAwareRequestFilter.java:149) ~[spring-security-web-5.6.8.jar:5.6.8]
	at org.springframework.security.web.FilterChainProxy$VirtualFilterChain.doFilter(FilterChainProxy.java:346) ~[spring-security-web-5.6.8.jar:5.6.8]
	at org.springframework.security.web.savedrequest.RequestCacheAwareFilter.doFilter(RequestCacheAwareFilter.java:63) ~[spring-security-web-5.6.8.jar:5.6.8]
	at org.springframework.security.web.FilterChainProxy$VirtualFilterChain.doFilter(FilterChainProxy.java:346) ~[spring-security-web-5.6.8.jar:5.6.8]
	at org.springframework.security.web.authentication.logout.LogoutFilter.doFilter(LogoutFilter.java:103) ~[spring-security-web-5.6.8.jar:5.6.8]
	at org.springframework.security.web.authentication.logout.LogoutFilter.doFilter(LogoutFilter.java:89) ~[spring-security-web-5.6.8.jar:5.6.8]
	at org.springframework.security.web.FilterChainProxy$VirtualFilterChain.doFilter(FilterChainProxy.java:346) ~[spring-security-web-5.6.8.jar:5.6.8]
	at org.springframework.security.web.header.HeaderWriterFilter.doHeadersAfter(HeaderWriterFilter.java:90) ~[spring-security-web-5.6.8.jar:5.6.8]
	at org.springframework.security.web.header.HeaderWriterFilter.doFilterInternal(HeaderWriterFilter.java:75) ~[spring-security-web-5.6.8.jar:5.6.8]
	at org.springframework.web.filter.OncePerRequestFilter.doFilter(OncePerRequestFilter.java:117) ~[spring-web-5.3.23.jar:5.3.23]
	at org.springframework.security.web.FilterChainProxy$VirtualFilterChain.doFilter(FilterChainProxy.java:346) ~[spring-security-web-5.6.8.jar:5.6.8]
	at org.springframework.security.web.context.SecurityContextPersistenceFilter.doFilter(SecurityContextPersistenceFilter.java:110) ~[spring-security-web-5.6.8.jar:5.6.8]
	at org.springframework.security.web.context.SecurityContextPersistenceFilter.doFilter(SecurityContextPersistenceFilter.java:80) ~[spring-security-web-5.6.8.jar:5.6.8]
	at org.springframework.security.web.FilterChainProxy$VirtualFilterChain.doFilter(FilterChainProxy.java:346) ~[spring-security-web-5.6.8.jar:5.6.8]
	at org.springframework.security.web.context.request.async.WebAsyncManagerIntegrationFilter.doFilterInternal(WebAsyncManagerIntegrationFilter.java:55) ~[spring-security-web-5.6.8.jar:5.6.8]
	at org.springframework.web.filter.OncePerRequestFilter.doFilter(OncePerRequestFilter.java:117) ~[spring-web-5.3.23.jar:5.3.23]
	at org.springframework.security.web.FilterChainProxy$VirtualFilterChain.doFilter(FilterChainProxy.java:346) ~[spring-security-web-5.6.8.jar:5.6.8]
	at org.springframework.security.web.FilterChainProxy.doFilterInternal(FilterChainProxy.java:221) ~[spring-security-web-5.6.8.jar:5.6.8]
	at org.springframework.security.web.FilterChainProxy.doFilter(FilterChainProxy.java:186) ~[spring-security-web-5.6.8.jar:5.6.8]
	at org.springframework.web.filter.DelegatingFilterProxy.invokeDelegate(DelegatingFilterProxy.java:354) ~[spring-web-5.3.23.jar:5.3.23]
	at org.springframework.web.filter.DelegatingFilterProxy.doFilter(DelegatingFilterProxy.java:267) ~[spring-web-5.3.23.jar:5.3.23]
	at org.apache.catalina.core.ApplicationFilterChain.internalDoFilter(ApplicationFilterChain.java:189) ~[tomcat-embed-core-9.0.68.jar:9.0.68]
	at org.apache.catalina.core.ApplicationFilterChain.doFilter(ApplicationFilterChain.java:162) ~[tomcat-embed-core-9.0.68.jar:9.0.68]
	at org.springframework.web.filter.RequestContextFilter.doFilterInternal(RequestContextFilter.java:100) ~[spring-web-5.3.23.jar:5.3.23]
	at org.springframework.web.filter.OncePerRequestFilter.doFilter(OncePerRequestFilter.java:117) ~[spring-web-5.3.23.jar:5.3.23]
	at org.apache.catalina.core.ApplicationFilterChain.internalDoFilter(ApplicationFilterChain.java:189) ~[tomcat-embed-core-9.0.68.jar:9.0.68]
	at org.apache.catalina.core.ApplicationFilterChain.doFilter(ApplicationFilterChain.java:162) ~[tomcat-embed-core-9.0.68.jar:9.0.68]
	at org.springframework.web.filter.FormContentFilter.doFilterInternal(FormContentFilter.java:93) ~[spring-web-5.3.23.jar:5.3.23]
	at org.springframework.web.filter.OncePerRequestFilter.doFilter(OncePerRequestFilter.java:117) ~[spring-web-5.3.23.jar:5.3.23]
	at org.apache.catalina.core.ApplicationFilterChain.internalDoFilter(ApplicationFilterChain.java:189) ~[tomcat-embed-core-9.0.68.jar:9.0.68]
	at org.apache.catalina.core.ApplicationFilterChain.doFilter(ApplicationFilterChain.java:162) ~[tomcat-embed-core-9.0.68.jar:9.0.68]
	at org.springframework.web.filter.CharacterEncodingFilter.doFilterInternal(CharacterEncodingFilter.java:201) ~[spring-web-5.3.23.jar:5.3.23]
	at org.springframework.web.filter.OncePerRequestFilter.doFilter(OncePerRequestFilter.java:117) ~[spring-web-5.3.23.jar:5.3.23]
	at org.apache.catalina.core.ApplicationFilterChain.internalDoFilter(ApplicationFilterChain.java:189) ~[tomcat-embed-core-9.0.68.jar:9.0.68]
	at org.apache.catalina.core.ApplicationFilterChain.doFilter(ApplicationFilterChain.java:162) ~[tomcat-embed-core-9.0.68.jar:9.0.68]
	at org.apache.catalina.core.StandardWrapperValve.invoke(StandardWrapperValve.java:197) ~[tomcat-embed-core-9.0.68.jar:9.0.68]
	at org.apache.catalina.core.StandardContextValve.invoke(StandardContextValve.java:97) [tomcat-embed-core-9.0.68.jar:9.0.68]
	at org.apache.catalina.authenticator.AuthenticatorBase.invoke(AuthenticatorBase.java:541) [tomcat-embed-core-9.0.68.jar:9.0.68]
	at org.apache.catalina.core.StandardHostValve.invoke(StandardHostValve.java:135) [tomcat-embed-core-9.0.68.jar:9.0.68]
	at org.apache.catalina.valves.ErrorReportValve.invoke(ErrorReportValve.java:92) [tomcat-embed-core-9.0.68.jar:9.0.68]
	at org.apache.catalina.core.StandardEngineValve.invoke(StandardEngineValve.java:78) [tomcat-embed-core-9.0.68.jar:9.0.68]
	at org.apache.catalina.connector.CoyoteAdapter.service(CoyoteAdapter.java:360) [tomcat-embed-core-9.0.68.jar:9.0.68]
	at org.apache.coyote.http11.Http11Processor.service(Http11Processor.java:399) [tomcat-embed-core-9.0.68.jar:9.0.68]
	at org.apache.coyote.AbstractProcessorLight.process(AbstractProcessorLight.java:65) [tomcat-embed-core-9.0.68.jar:9.0.68]
	at org.apache.coyote.AbstractProtocol$ConnectionHandler.process(AbstractProtocol.java:893) [tomcat-embed-core-9.0.68.jar:9.0.68]
	at org.apache.tomcat.util.net.NioEndpoint$SocketProcessor.doRun(NioEndpoint.java:1789) [tomcat-embed-core-9.0.68.jar:9.0.68]
	at org.apache.tomcat.util.net.SocketProcessorBase.run(SocketProcessorBase.java:49) [tomcat-embed-core-9.0.68.jar:9.0.68]
	at org.apache.tomcat.util.threads.ThreadPoolExecutor.runWorker(ThreadPoolExecutor.java:1191) [tomcat-embed-core-9.0.68.jar:9.0.68]
	at org.apache.tomcat.util.threads.ThreadPoolExecutor$Worker.run(ThreadPoolExecutor.java:659) [tomcat-embed-core-9.0.68.jar:9.0.68]
	at org.apache.tomcat.util.threads.TaskThread$WrappingRunnable.run(TaskThread.java:61) [tomcat-embed-core-9.0.68.jar:9.0.68]
	at java.lang.Thread.run(Thread.java:750) [na:1.8.0_491]

2026-08-31 11:10:39.889  INFO 19168 --- [http-nio-8999-exec-1] c.e.a.controller.UserLoginController     : userLogin:UserLogin(userId=null, userName=123, password=1, role=null, email=null, regDate=null)
2026-08-31 11:10:39.909 ERROR 19168 --- [http-nio-8999-exec-1] o.a.c.c.C.[.[.[/].[dispatcherServlet]    : Servlet.service() for servlet [dispatcherServlet] in context with path [] threw exception [Request processing failed; nested exception is org.mybatis.spring.MyBatisSystemException: nested exception is org.apache.ibatis.exceptions.TooManyResultsException: Expected one result (or null) to be returned by selectOne(), but found: 5] with root cause

org.apache.ibatis.exceptions.TooManyResultsException: Expected one result (or null) to be returned by selectOne(), but found: 5
	at org.apache.ibatis.session.defaults.DefaultSqlSession.selectOne(DefaultSqlSession.java:80) ~[mybatis-3.5.4.jar:3.5.4]
	at sun.reflect.NativeMethodAccessorImpl.invoke0(Native Method) ~[na:1.8.0_491]
	at sun.reflect.NativeMethodAccessorImpl.invoke(NativeMethodAccessorImpl.java:62) ~[na:1.8.0_491]
	at sun.reflect.DelegatingMethodAccessorImpl.invoke(DelegatingMethodAccessorImpl.java:43) ~[na:1.8.0_491]
	at java.lang.reflect.Method.invoke(Method.java:498) ~[na:1.8.0_491]
	at org.mybatis.spring.SqlSessionTemplate$SqlSessionInterceptor.invoke(SqlSessionTemplate.java:426) ~[mybatis-spring-2.0.4.jar:2.0.4]
	at com.sun.proxy.$Proxy87.selectOne(Unknown Source) ~[na:na]
	at org.mybatis.spring.SqlSessionTemplate.selectOne(SqlSessionTemplate.java:159) ~[mybatis-spring-2.0.4.jar:2.0.4]
	at com.baomidou.mybatisplus.core.override.MybatisMapperMethod.execute(MybatisMapperMethod.java:108) ~[mybatis-plus-core-3.3.2.jar:3.3.2]
	at com.baomidou.mybatisplus.core.override.MybatisMapperProxy.invoke(MybatisMapperProxy.java:96) ~[mybatis-plus-core-3.3.2.jar:3.3.2]
	at com.sun.proxy.$Proxy88.selectOne(Unknown Source) ~[na:na]
	at com.baomidou.mybatisplus.extension.conditions.query.ChainQuery.one(ChainQuery.java:48) ~[mybatis-plus-extension-3.3.2.jar:3.3.2]
	at com.example.allsystem.service.impl.UserLoginServiceImpl.login(UserLoginServiceImpl.java:33) ~[classes/:na]
	at com.example.allsystem.service.impl.UserLoginServiceImpl$$FastClassBySpringCGLIB$$f5b3549d.invoke(<generated>) ~[classes/:na]
	at org.springframework.cglib.proxy.MethodProxy.invoke(MethodProxy.java:218) ~[spring-core-5.3.23.jar:5.3.23]
	at org.springframework.aop.framework.CglibAopProxy.invokeMethod(CglibAopProxy.java:386) ~[spring-aop-5.3.23.jar:5.3.23]
	at org.springframework.aop.framework.CglibAopProxy.access$000(CglibAopProxy.java:85) ~[spring-aop-5.3.23.jar:5.3.23]
	at org.springframework.aop.framework.CglibAopProxy$DynamicAdvisedInterceptor.intercept(CglibAopProxy.java:704) ~[spring-aop-5.3.23.jar:5.3.23]
	at com.example.allsystem.service.impl.UserLoginServiceImpl$$EnhancerBySpringCGLIB$$695f3efc.login(<generated>) ~[classes/:na]
	at com.example.allsystem.controller.UserLoginController.login(UserLoginController.java:60) ~[classes/:na]
	at sun.reflect.NativeMethodAccessorImpl.invoke0(Native Method) ~[na:1.8.0_491]
	at sun.reflect.NativeMethodAccessorImpl.invoke(NativeMethodAccessorImpl.java:62) ~[na:1.8.0_491]
	at sun.reflect.DelegatingMethodAccessorImpl.invoke(DelegatingMethodAccessorImpl.java:43) ~[na:1.8.0_491]
	at java.lang.reflect.Method.invoke(Method.java:498) ~[na:1.8.0_491]
	at org.springframework.web.method.support.InvocableHandlerMethod.doInvoke(InvocableHandlerMethod.java:205) ~[spring-web-5.3.23.jar:5.3.23]
	at org.springframework.web.method.support.InvocableHandlerMethod.invokeForRequest(InvocableHandlerMethod.java:150) ~[spring-web-5.3.23.jar:5.3.23]
	at org.springframework.web.servlet.mvc.method.annotation.ServletInvocableHandlerMethod.invokeAndHandle(ServletInvocableHandlerMethod.java:117) ~[spring-webmvc-5.3.23.jar:5.3.23]
	at org.springframework.web.servlet.mvc.method.annotation.RequestMappingHandlerAdapter.invokeHandlerMethod(RequestMappingHandlerAdapter.java:895) ~[spring-webmvc-5.3.23.jar:5.3.23]
	at org.springframework.web.servlet.mvc.method.annotation.RequestMappingHandlerAdapter.handleInternal(RequestMappingHandlerAdapter.java:808) ~[spring-webmvc-5.3.23.jar:5.3.23]
	at org.springframework.web.servlet.mvc.method.AbstractHandlerMethodAdapter.handle(AbstractHandlerMethodAdapter.java:87) ~[spring-webmvc-5.3.23.jar:5.3.23]
	at org.springframework.web.servlet.DispatcherServlet.doDispatch(DispatcherServlet.java:1071) ~[spring-webmvc-5.3.23.jar:5.3.23]
	at org.springframework.web.servlet.DispatcherServlet.doService(DispatcherServlet.java:964) ~[spring-webmvc-5.3.23.jar:5.3.23]
	at org.springframework.web.servlet.FrameworkServlet.processRequest(FrameworkServlet.java:1006) ~[spring-webmvc-5.3.23.jar:5.3.23]
	at org.springframework.web.servlet.FrameworkServlet.doPost(FrameworkServlet.java:909) ~[spring-webmvc-5.3.23.jar:5.3.23]
	at javax.servlet.http.HttpServlet.service(HttpServlet.java:696) ~[tomcat-embed-core-9.0.68.jar:4.0.FR]
	at org.springframework.web.servlet.FrameworkServlet.service(FrameworkServlet.java:883) ~[spring-webmvc-5.3.23.jar:5.3.23]
	at javax.servlet.http.HttpServlet.service(HttpServlet.java:779) ~[tomcat-embed-core-9.0.68.jar:4.0.FR]
	at org.apache.catalina.core.ApplicationFilterChain.internalDoFilter(ApplicationFilterChain.java:227) ~[tomcat-embed-core-9.0.68.jar:9.0.68]
	at org.apache.catalina.core.ApplicationFilterChain.doFilter(ApplicationFilterChain.java:162) ~[tomcat-embed-core-9.0.68.jar:9.0.68]
	at org.apache.tomcat.websocket.server.WsFilter.doFilter(WsFilter.java:53) ~[tomcat-embed-websocket-9.0.68.jar:9.0.68]
	at org.apache.catalina.core.ApplicationFilterChain.internalDoFilter(ApplicationFilterChain.java:189) ~[tomcat-embed-core-9.0.68.jar:9.0.68]
	at org.apache.catalina.core.ApplicationFilterChain.doFilter(ApplicationFilterChain.java:162) ~[tomcat-embed-core-9.0.68.jar:9.0.68]
	at org.springframework.security.web.FilterChainProxy$VirtualFilterChain.doFilter(FilterChainProxy.java:337) ~[spring-security-web-5.6.8.jar:5.6.8]
	at org.springframework.security.web.access.intercept.AuthorizationFilter.doFilterInternal(AuthorizationFilter.java:58) ~[spring-security-web-5.6.8.jar:5.6.8]
	at org.springframework.web.filter.OncePerRequestFilter.doFilter(OncePerRequestFilter.java:117) ~[spring-web-5.3.23.jar:5.3.23]
	at org.springframework.security.web.FilterChainProxy$VirtualFilterChain.doFilter(FilterChainProxy.java:346) ~[spring-security-web-5.6.8.jar:5.6.8]
	at org.springframework.security.web.access.ExceptionTranslationFilter.doFilter(ExceptionTranslationFilter.java:122) ~[spring-security-web-5.6.8.jar:5.6.8]
	at org.springframework.security.web.access.ExceptionTranslationFilter.doFilter(ExceptionTranslationFilter.java:116) ~[spring-security-web-5.6.8.jar:5.6.8]
	at org.springframework.security.web.FilterChainProxy$VirtualFilterChain.doFilter(FilterChainProxy.java:346) ~[spring-security-web-5.6.8.jar:5.6.8]
	at org.springframework.security.web.session.SessionManagementFilter.doFilter(SessionManagementFilter.java:126) ~[spring-security-web-5.6.8.jar:5.6.8]
	at org.springframework.security.web.session.SessionManagementFilter.doFilter(SessionManagementFilter.java:81) ~[spring-security-web-5.6.8.jar:5.6.8]
	at org.springframework.security.web.FilterChainProxy$VirtualFilterChain.doFilter(FilterChainProxy.java:346) ~[spring-security-web-5.6.8.jar:5.6.8]
	at org.springframework.security.web.authentication.AnonymousAuthenticationFilter.doFilter(AnonymousAuthenticationFilter.java:109) ~[spring-security-web-5.6.8.jar:5.6.8]
	at org.springframework.security.web.FilterChainProxy$VirtualFilterChain.doFilter(FilterChainProxy.java:346) ~[spring-security-web-5.6.8.jar:5.6.8]
	at org.springframework.security.web.servletapi.SecurityContextHolderAwareRequestFilter.doFilter(SecurityContextHolderAwareRequestFilter.java:149) ~[spring-security-web-5.6.8.jar:5.6.8]
	at org.springframework.security.web.FilterChainProxy$VirtualFilterChain.doFilter(FilterChainProxy.java:346) ~[spring-security-web-5.6.8.jar:5.6.8]
	at org.springframework.security.web.savedrequest.RequestCacheAwareFilter.doFilter(RequestCacheAwareFilter.java:63) ~[spring-security-web-5.6.8.jar:5.6.8]
	at org.springframework.security.web.FilterChainProxy$VirtualFilterChain.doFilter(FilterChainProxy.java:346) ~[spring-security-web-5.6.8.jar:5.6.8]
	at org.springframework.security.web.authentication.logout.LogoutFilter.doFilter(LogoutFilter.java:103) ~[spring-security-web-5.6.8.jar:5.6.8]
	at org.springframework.security.web.authentication.logout.LogoutFilter.doFilter(LogoutFilter.java:89) ~[spring-security-web-5.6.8.jar:5.6.8]
	at org.springframework.security.web.FilterChainProxy$VirtualFilterChain.doFilter(FilterChainProxy.java:346) ~[spring-security-web-5.6.8.jar:5.6.8]
	at org.springframework.security.web.header.HeaderWriterFilter.doHeadersAfter(HeaderWriterFilter.java:90) ~[spring-security-web-5.6.8.jar:5.6.8]
	at org.springframework.security.web.header.HeaderWriterFilter.doFilterInternal(HeaderWriterFilter.java:75) ~[spring-security-web-5.6.8.jar:5.6.8]
	at org.springframework.web.filter.OncePerRequestFilter.doFilter(OncePerRequestFilter.java:117) ~[spring-web-5.3.23.jar:5.3.23]
	at org.springframework.security.web.FilterChainProxy$VirtualFilterChain.doFilter(FilterChainProxy.java:346) ~[spring-security-web-5.6.8.jar:5.6.8]
	at org.springframework.security.web.context.SecurityContextPersistenceFilter.doFilter(SecurityContextPersistenceFilter.java:110) ~[spring-security-web-5.6.8.jar:5.6.8]
	at org.springframework.security.web.context.SecurityContextPersistenceFilter.doFilter(SecurityContextPersistenceFilter.java:80) ~[spring-security-web-5.6.8.jar:5.6.8]
	at org.springframework.security.web.FilterChainProxy$VirtualFilterChain.doFilter(FilterChainProxy.java:346) ~[spring-security-web-5.6.8.jar:5.6.8]
	at org.springframework.security.web.context.request.async.WebAsyncManagerIntegrationFilter.doFilterInternal(WebAsyncManagerIntegrationFilter.java:55) ~[spring-security-web-5.6.8.jar:5.6.8]
	at org.springframework.web.filter.OncePerRequestFilter.doFilter(OncePerRequestFilter.java:117) ~[spring-web-5.3.23.jar:5.3.23]
	at org.springframework.security.web.FilterChainProxy$VirtualFilterChain.doFilter(FilterChainProxy.java:346) ~[spring-security-web-5.6.8.jar:5.6.8]
	at org.springframework.security.web.FilterChainProxy.doFilterInternal(FilterChainProxy.java:221) ~[spring-security-web-5.6.8.jar:5.6.8]
	at org.springframework.security.web.FilterChainProxy.doFilter(FilterChainProxy.java:186) ~[spring-security-web-5.6.8.jar:5.6.8]
	at org.springframework.web.filter.DelegatingFilterProxy.invokeDelegate(DelegatingFilterProxy.java:354) ~[spring-web-5.3.23.jar:5.3.23]
	at org.springframework.web.filter.DelegatingFilterProxy.doFilter(DelegatingFilterProxy.java:267) ~[spring-web-5.3.23.jar:5.3.23]
	at org.apache.catalina.core.ApplicationFilterChain.internalDoFilter(ApplicationFilterChain.java:189) ~[tomcat-embed-core-9.0.68.jar:9.0.68]
	at org.apache.catalina.core.ApplicationFilterChain.doFilter(ApplicationFilterChain.java:162) ~[tomcat-embed-core-9.0.68.jar:9.0.68]
	at org.springframework.web.filter.RequestContextFilter.doFilterInternal(RequestContextFilter.java:100) ~[spring-web-5.3.23.jar:5.3.23]
	at org.springframework.web.filter.OncePerRequestFilter.doFilter(OncePerRequestFilter.java:117) ~[spring-web-5.3.23.jar:5.3.23]
	at org.apache.catalina.core.ApplicationFilterChain.internalDoFilter(ApplicationFilterChain.java:189) ~[tomcat-embed-core-9.0.68.jar:9.0.68]
	at org.apache.catalina.core.ApplicationFilterChain.doFilter(ApplicationFilterChain.java:162) ~[tomcat-embed-core-9.0.68.jar:9.0.68]
	at org.springframework.web.filter.FormContentFilter.doFilterInternal(FormContentFilter.java:93) ~[spring-web-5.3.23.jar:5.3.23]
	at org.springframework.web.filter.OncePerRequestFilter.doFilter(OncePerRequestFilter.java:117) ~[spring-web-5.3.23.jar:5.3.23]
	at org.apache.catalina.core.ApplicationFilterChain.internalDoFilter(ApplicationFilterChain.java:189) ~[tomcat-embed-core-9.0.68.jar:9.0.68]
	at org.apache.catalina.core.ApplicationFilterChain.doFilter(ApplicationFilterChain.java:162) ~[tomcat-embed-core-9.0.68.jar:9.0.68]
	at org.springframework.web.filter.CharacterEncodingFilter.doFilterInternal(CharacterEncodingFilter.java:201) ~[spring-web-5.3.23.jar:5.3.23]
	at org.springframework.web.filter.OncePerRequestFilter.doFilter(OncePerRequestFilter.java:117) ~[spring-web-5.3.23.jar:5.3.23]
	at org.apache.catalina.core.ApplicationFilterChain.internalDoFilter(ApplicationFilterChain.java:189) ~[tomcat-embed-core-9.0.68.jar:9.0.68]
	at org.apache.catalina.core.ApplicationFilterChain.doFilter(ApplicationFilterChain.java:162) ~[tomcat-embed-core-9.0.68.jar:9.0.68]
	at org.apache.catalina.core.StandardWrapperValve.invoke(StandardWrapperValve.java:197) ~[tomcat-embed-core-9.0.68.jar:9.0.68]
	at org.apache.catalina.core.StandardContextValve.invoke(StandardContextValve.java:97) [tomcat-embed-core-9.0.68.jar:9.0.68]
	at org.apache.catalina.authenticator.AuthenticatorBase.invoke(AuthenticatorBase.java:541) [tomcat-embed-core-9.0.68.jar:9.0.68]
	at org.apache.catalina.core.StandardHostValve.invoke(StandardHostValve.java:135) [tomcat-embed-core-9.0.68.jar:9.0.68]
	at org.apache.catalina.valves.ErrorReportValve.invoke(ErrorReportValve.java:92) [tomcat-embed-core-9.0.68.jar:9.0.68]
	at org.apache.catalina.core.StandardEngineValve.invoke(StandardEngineValve.java:78) [tomcat-embed-core-9.0.68.jar:9.0.68]
	at org.apache.catalina.connector.CoyoteAdapter.service(CoyoteAdapter.java:360) [tomcat-embed-core-9.0.68.jar:9.0.68]
	at org.apache.coyote.http11.Http11Processor.service(Http11Processor.java:399) [tomcat-embed-core-9.0.68.jar:9.0.68]
	at org.apache.coyote.AbstractProcessorLight.process(AbstractProcessorLight.java:65) [tomcat-embed-core-9.0.68.jar:9.0.68]
	at org.apache.coyote.AbstractProtocol$ConnectionHandler.process(AbstractProtocol.java:893) [tomcat-embed-core-9.0.68.jar:9.0.68]
	at org.apache.tomcat.util.net.NioEndpoint$SocketProcessor.doRun(NioEndpoint.java:1789) [tomcat-embed-core-9.0.68.jar:9.0.68]
	at org.apache.tomcat.util.net.SocketProcessorBase.run(SocketProcessorBase.java:49) [tomcat-embed-core-9.0.68.jar:9.0.68]
	at org.apache.tomcat.util.threads.ThreadPoolExecutor.runWorker(ThreadPoolExecutor.java:1191) [tomcat-embed-core-9.0.68.jar:9.0.68]
	at org.apache.tomcat.util.threads.ThreadPoolExecutor$Worker.run(ThreadPoolExecutor.java:659) [tomcat-embed-core-9.0.68.jar:9.0.68]
	at org.apache.tomcat.util.threads.TaskThread$WrappingRunnable.run(TaskThread.java:61) [tomcat-embed-core-9.0.68.jar:9.0.68]
	at java.lang.Thread.run(Thread.java:750) [na:1.8.0_491]

2026-08-31 11:12:18.852  INFO 19168 --- [SpringApplicationShutdownHook] j.LocalContainerEntityManagerFactoryBean : Closing JPA EntityManagerFactory for persistence unit 'default'
2026-08-31 11:12:18.854  INFO 19168 --- [SpringApplicationShutdownHook] com.zaxxer.hikari.HikariDataSource       : HikariPool-1 - Shutdown initiated...
2026-08-31 11:12:18.858  INFO 19168 --- [SpringApplicationShutdownHook] com.zaxxer.hikari.HikariDataSource       : HikariPool-1 - Shutdown completed.
2026-08-31 11:12:20.997  INFO 13884 --- [main] c.e.allsystem.AllSystemApplication       : Starting AllSystemApplication using Java 1.8.0_491 on wmh with PID 13884 (D:\JavaProject\all-system\target\classes started by 10566 in D:\JavaProject\all-system)
2026-08-31 11:12:20.998  INFO 13884 --- [main] c.e.allsystem.AllSystemApplication       : The following 1 profile is active: "dev"
2026-08-31 11:12:21.393  INFO 13884 --- [main] .s.d.r.c.RepositoryConfigurationDelegate : Bootstrapping Spring Data JPA repositories in DEFAULT mode.
2026-08-31 11:12:21.406  INFO 13884 --- [main] .s.d.r.c.RepositoryConfigurationDelegate : Finished Spring Data repository scanning in 6 ms. Found 0 JPA repository interfaces.
2026-08-31 11:12:21.986  INFO 13884 --- [main] o.s.b.w.embedded.tomcat.TomcatWebServer  : Tomcat initialized with port(s): 8999 (http)
2026-08-31 11:12:21.994  INFO 13884 --- [main] o.apache.catalina.core.StandardService   : Starting service [Tomcat]
2026-08-31 11:12:21.994  INFO 13884 --- [main] org.apache.catalina.core.StandardEngine  : Starting Servlet engine: [Apache Tomcat/9.0.68]
2026-08-31 11:12:22.106  INFO 13884 --- [main] o.a.c.c.C.[Tomcat].[localhost].[/]       : Initializing Spring embedded WebApplicationContext
2026-08-31 11:12:22.106  INFO 13884 --- [main] w.s.c.ServletWebServerApplicationContext : Root WebApplicationContext: initialization completed in 1078 ms
2026-08-31 11:12:22.255  INFO 13884 --- [main] com.zaxxer.hikari.HikariDataSource       : HikariPool-1 - Starting...
2026-08-31 11:12:22.354  INFO 13884 --- [main] com.zaxxer.hikari.HikariDataSource       : HikariPool-1 - Start completed.
2026-08-31 11:12:22.377  INFO 13884 --- [main] o.hibernate.jpa.internal.util.LogHelper  : HHH000204: Processing PersistenceUnitInfo [name: default]
2026-08-31 11:12:22.433  INFO 13884 --- [main] org.hibernate.Version                    : HHH000412: Hibernate ORM core version 5.6.12.Final
2026-08-31 11:12:22.532  INFO 13884 --- [main] o.hibernate.annotations.common.Version   : HCANN000001: Hibernate Commons Annotations {5.1.2.Final}
2026-08-31 11:12:22.595  INFO 13884 --- [main] org.hibernate.dialect.Dialect            : HHH000400: Using dialect: org.hibernate.dialect.MySQL8Dialect
2026-08-31 11:12:22.678  INFO 13884 --- [main] o.h.e.t.j.p.i.JtaPlatformInitiator       : HHH000490: Using JtaPlatform implementation: [org.hibernate.engine.transaction.jta.platform.internal.NoJtaPlatform]
2026-08-31 11:12:22.685  INFO 13884 --- [main] j.LocalContainerEntityManagerFactoryBean : Initialized JPA EntityManagerFactory for persistence unit 'default'
2026-08-31 11:12:23.359  WARN 13884 --- [main] .s.s.UserDetailsServiceAutoConfiguration : 

Using generated security password: 079ccd2e-9fab-4fcf-8451-eb1d0f457e29

This generated password is for development use only. Your security configuration must be updated before running your application in production.

2026-08-31 11:12:23.420  INFO 13884 --- [main] o.s.s.web.DefaultSecurityFilterChain     : Will secure any request with [org.springframework.security.web.context.request.async.WebAsyncManagerIntegrationFilter@10d4b573, org.springframework.security.web.context.SecurityContextPersistenceFilter@498e41a4, org.springframework.security.web.header.HeaderWriterFilter@32c0fecc, org.springframework.security.web.authentication.logout.LogoutFilter@3c3ab672, org.springframework.security.web.savedrequest.RequestCacheAwareFilter@1f5d7fd5, org.springframework.security.web.servletapi.SecurityContextHolderAwareRequestFilter@78f5cbc5, org.springframework.security.web.authentication.AnonymousAuthenticationFilter@50785f86, org.springframework.security.web.session.SessionManagementFilter@d13379e, org.springframework.security.web.access.ExceptionTranslationFilter@4cd5fc46, org.springframework.security.web.access.intercept.AuthorizationFilter@77eb607e]
2026-08-31 11:12:23.462  WARN 13884 --- [main] JpaBaseConfiguration$JpaWebConfiguration : spring.jpa.open-in-view is enabled by default. Therefore, database queries may be performed during view rendering. Explicitly configure spring.jpa.open-in-view to disable this warning
2026-08-31 11:12:23.673  INFO 13884 --- [main] o.s.b.w.embedded.tomcat.TomcatWebServer  : Tomcat started on port(s): 8999 (http) with context path ''
2026-08-31 11:12:23.679  INFO 13884 --- [main] c.e.allsystem.AllSystemApplication       : Started AllSystemApplication in 2.98 seconds (JVM running for 3.774)
2026-08-31 11:12:26.550  INFO 13884 --- [http-nio-8999-exec-1] o.a.c.c.C.[Tomcat].[localhost].[/]       : Initializing Spring DispatcherServlet 'dispatcherServlet'
2026-08-31 11:12:26.550  INFO 13884 --- [http-nio-8999-exec-1] o.s.web.servlet.DispatcherServlet        : Initializing Servlet 'dispatcherServlet'
2026-08-31 11:12:26.553  INFO 13884 --- [http-nio-8999-exec-1] o.s.web.servlet.DispatcherServlet        : Completed initialization in 3 ms
2026-08-31 11:12:35.320  INFO 13884 --- [http-nio-8999-exec-1] c.e.a.controller.UserLoginController     : userLogin:UserLogin(userId=null, userName=123, password=1, role=null, email=null, regDate=null)
2026-08-31 11:12:35.428 ERROR 13884 --- [http-nio-8999-exec-1] o.a.c.c.C.[.[.[/].[dispatcherServlet]    : Servlet.service() for servlet [dispatcherServlet] in context with path [] threw exception [Request processing failed; nested exception is org.mybatis.spring.MyBatisSystemException: nested exception is org.apache.ibatis.exceptions.TooManyResultsException: Expected one result (or null) to be returned by selectOne(), but found: 5] with root cause

org.apache.ibatis.exceptions.TooManyResultsException: Expected one result (or null) to be returned by selectOne(), but found: 5
	at org.apache.ibatis.session.defaults.DefaultSqlSession.selectOne(DefaultSqlSession.java:80) ~[mybatis-3.5.4.jar:3.5.4]
	at sun.reflect.NativeMethodAccessorImpl.invoke0(Native Method) ~[na:1.8.0_491]
	at sun.reflect.NativeMethodAccessorImpl.invoke(NativeMethodAccessorImpl.java:62) ~[na:1.8.0_491]
	at sun.reflect.DelegatingMethodAccessorImpl.invoke(DelegatingMethodAccessorImpl.java:43) ~[na:1.8.0_491]
	at java.lang.reflect.Method.invoke(Method.java:498) ~[na:1.8.0_491]
	at org.mybatis.spring.SqlSessionTemplate$SqlSessionInterceptor.invoke(SqlSessionTemplate.java:426) ~[mybatis-spring-2.0.4.jar:2.0.4]
	at com.sun.proxy.$Proxy87.selectOne(Unknown Source) ~[na:na]
	at org.mybatis.spring.SqlSessionTemplate.selectOne(SqlSessionTemplate.java:159) ~[mybatis-spring-2.0.4.jar:2.0.4]
	at com.baomidou.mybatisplus.core.override.MybatisMapperMethod.execute(MybatisMapperMethod.java:108) ~[mybatis-plus-core-3.3.2.jar:3.3.2]
	at com.baomidou.mybatisplus.core.override.MybatisMapperProxy.invoke(MybatisMapperProxy.java:96) ~[mybatis-plus-core-3.3.2.jar:3.3.2]
	at com.sun.proxy.$Proxy88.selectOne(Unknown Source) ~[na:na]
	at com.baomidou.mybatisplus.extension.conditions.query.ChainQuery.one(ChainQuery.java:48) ~[mybatis-plus-extension-3.3.2.jar:3.3.2]
	at com.example.allsystem.service.impl.UserLoginServiceImpl.login(UserLoginServiceImpl.java:33) ~[classes/:na]
	at com.example.allsystem.service.impl.UserLoginServiceImpl$$FastClassBySpringCGLIB$$f5b3549d.invoke(<generated>) ~[classes/:na]
	at org.springframework.cglib.proxy.MethodProxy.invoke(MethodProxy.java:218) ~[spring-core-5.3.23.jar:5.3.23]
	at org.springframework.aop.framework.CglibAopProxy.invokeMethod(CglibAopProxy.java:386) ~[spring-aop-5.3.23.jar:5.3.23]
	at org.springframework.aop.framework.CglibAopProxy.access$000(CglibAopProxy.java:85) ~[spring-aop-5.3.23.jar:5.3.23]
	at org.springframework.aop.framework.CglibAopProxy$DynamicAdvisedInterceptor.intercept(CglibAopProxy.java:704) ~[spring-aop-5.3.23.jar:5.3.23]
	at com.example.allsystem.service.impl.UserLoginServiceImpl$$EnhancerBySpringCGLIB$$e4d195e9.login(<generated>) ~[classes/:na]
	at com.example.allsystem.controller.UserLoginController.login(UserLoginController.java:60) ~[classes/:na]
	at sun.reflect.NativeMethodAccessorImpl.invoke0(Native Method) ~[na:1.8.0_491]
	at sun.reflect.NativeMethodAccessorImpl.invoke(NativeMethodAccessorImpl.java:62) ~[na:1.8.0_491]
	at sun.reflect.DelegatingMethodAccessorImpl.invoke(DelegatingMethodAccessorImpl.java:43) ~[na:1.8.0_491]
	at java.lang.reflect.Method.invoke(Method.java:498) ~[na:1.8.0_491]
	at org.springframework.web.method.support.InvocableHandlerMethod.doInvoke(InvocableHandlerMethod.java:205) ~[spring-web-5.3.23.jar:5.3.23]
	at org.springframework.web.method.support.InvocableHandlerMethod.invokeForRequest(InvocableHandlerMethod.java:150) ~[spring-web-5.3.23.jar:5.3.23]
	at org.springframework.web.servlet.mvc.method.annotation.ServletInvocableHandlerMethod.invokeAndHandle(ServletInvocableHandlerMethod.java:117) ~[spring-webmvc-5.3.23.jar:5.3.23]
	at org.springframework.web.servlet.mvc.method.annotation.RequestMappingHandlerAdapter.invokeHandlerMethod(RequestMappingHandlerAdapter.java:895) ~[spring-webmvc-5.3.23.jar:5.3.23]
	at org.springframework.web.servlet.mvc.method.annotation.RequestMappingHandlerAdapter.handleInternal(RequestMappingHandlerAdapter.java:808) ~[spring-webmvc-5.3.23.jar:5.3.23]
	at org.springframework.web.servlet.mvc.method.AbstractHandlerMethodAdapter.handle(AbstractHandlerMethodAdapter.java:87) ~[spring-webmvc-5.3.23.jar:5.3.23]
	at org.springframework.web.servlet.DispatcherServlet.doDispatch(DispatcherServlet.java:1071) ~[spring-webmvc-5.3.23.jar:5.3.23]
	at org.springframework.web.servlet.DispatcherServlet.doService(DispatcherServlet.java:964) ~[spring-webmvc-5.3.23.jar:5.3.23]
	at org.springframework.web.servlet.FrameworkServlet.processRequest(FrameworkServlet.java:1006) ~[spring-webmvc-5.3.23.jar:5.3.23]
	at org.springframework.web.servlet.FrameworkServlet.doPost(FrameworkServlet.java:909) ~[spring-webmvc-5.3.23.jar:5.3.23]
	at javax.servlet.http.HttpServlet.service(HttpServlet.java:696) ~[tomcat-embed-core-9.0.68.jar:4.0.FR]
	at org.springframework.web.servlet.FrameworkServlet.service(FrameworkServlet.java:883) ~[spring-webmvc-5.3.23.jar:5.3.23]
	at javax.servlet.http.HttpServlet.service(HttpServlet.java:779) ~[tomcat-embed-core-9.0.68.jar:4.0.FR]
	at org.apache.catalina.core.ApplicationFilterChain.internalDoFilter(ApplicationFilterChain.java:227) ~[tomcat-embed-core-9.0.68.jar:9.0.68]
	at org.apache.catalina.core.ApplicationFilterChain.doFilter(ApplicationFilterChain.java:162) ~[tomcat-embed-core-9.0.68.jar:9.0.68]
	at org.apache.tomcat.websocket.server.WsFilter.doFilter(WsFilter.java:53) ~[tomcat-embed-websocket-9.0.68.jar:9.0.68]
	at org.apache.catalina.core.ApplicationFilterChain.internalDoFilter(ApplicationFilterChain.java:189) ~[tomcat-embed-core-9.0.68.jar:9.0.68]
	at org.apache.catalina.core.ApplicationFilterChain.doFilter(ApplicationFilterChain.java:162) ~[tomcat-embed-core-9.0.68.jar:9.0.68]
	at org.springframework.security.web.FilterChainProxy$VirtualFilterChain.doFilter(FilterChainProxy.java:337) ~[spring-security-web-5.6.8.jar:5.6.8]
	at org.springframework.security.web.access.intercept.AuthorizationFilter.doFilterInternal(AuthorizationFilter.java:58) ~[spring-security-web-5.6.8.jar:5.6.8]
	at org.springframework.web.filter.OncePerRequestFilter.doFilter(OncePerRequestFilter.java:117) ~[spring-web-5.3.23.jar:5.3.23]
	at org.springframework.security.web.FilterChainProxy$VirtualFilterChain.doFilter(FilterChainProxy.java:346) ~[spring-security-web-5.6.8.jar:5.6.8]
	at org.springframework.security.web.access.ExceptionTranslationFilter.doFilter(ExceptionTranslationFilter.java:122) ~[spring-security-web-5.6.8.jar:5.6.8]
	at org.springframework.security.web.access.ExceptionTranslationFilter.doFilter(ExceptionTranslationFilter.java:116) ~[spring-security-web-5.6.8.jar:5.6.8]
	at org.springframework.security.web.FilterChainProxy$VirtualFilterChain.doFilter(FilterChainProxy.java:346) ~[spring-security-web-5.6.8.jar:5.6.8]
	at org.springframework.security.web.session.SessionManagementFilter.doFilter(SessionManagementFilter.java:126) ~[spring-security-web-5.6.8.jar:5.6.8]
	at org.springframework.security.web.session.SessionManagementFilter.doFilter(SessionManagementFilter.java:81) ~[spring-security-web-5.6.8.jar:5.6.8]
	at org.springframework.security.web.FilterChainProxy$VirtualFilterChain.doFilter(FilterChainProxy.java:346) ~[spring-security-web-5.6.8.jar:5.6.8]
	at org.springframework.security.web.authentication.AnonymousAuthenticationFilter.doFilter(AnonymousAuthenticationFilter.java:109) ~[spring-security-web-5.6.8.jar:5.6.8]
	at org.springframework.security.web.FilterChainProxy$VirtualFilterChain.doFilter(FilterChainProxy.java:346) ~[spring-security-web-5.6.8.jar:5.6.8]
	at org.springframework.security.web.servletapi.SecurityContextHolderAwareRequestFilter.doFilter(SecurityContextHolderAwareRequestFilter.java:149) ~[spring-security-web-5.6.8.jar:5.6.8]
	at org.springframework.security.web.FilterChainProxy$VirtualFilterChain.doFilter(FilterChainProxy.java:346) ~[spring-security-web-5.6.8.jar:5.6.8]
	at org.springframework.security.web.savedrequest.RequestCacheAwareFilter.doFilter(RequestCacheAwareFilter.java:63) ~[spring-security-web-5.6.8.jar:5.6.8]
	at org.springframework.security.web.FilterChainProxy$VirtualFilterChain.doFilter(FilterChainProxy.java:346) ~[spring-security-web-5.6.8.jar:5.6.8]
	at org.springframework.security.web.authentication.logout.LogoutFilter.doFilter(LogoutFilter.java:103) ~[spring-security-web-5.6.8.jar:5.6.8]
	at org.springframework.security.web.authentication.logout.LogoutFilter.doFilter(LogoutFilter.java:89) ~[spring-security-web-5.6.8.jar:5.6.8]
	at org.springframework.security.web.FilterChainProxy$VirtualFilterChain.doFilter(FilterChainProxy.java:346) ~[spring-security-web-5.6.8.jar:5.6.8]
	at org.springframework.security.web.header.HeaderWriterFilter.doHeadersAfter(HeaderWriterFilter.java:90) ~[spring-security-web-5.6.8.jar:5.6.8]
	at org.springframework.security.web.header.HeaderWriterFilter.doFilterInternal(HeaderWriterFilter.java:75) ~[spring-security-web-5.6.8.jar:5.6.8]
	at org.springframework.web.filter.OncePerRequestFilter.doFilter(OncePerRequestFilter.java:117) ~[spring-web-5.3.23.jar:5.3.23]
	at org.springframework.security.web.FilterChainProxy$VirtualFilterChain.doFilter(FilterChainProxy.java:346) ~[spring-security-web-5.6.8.jar:5.6.8]
	at org.springframework.security.web.context.SecurityContextPersistenceFilter.doFilter(SecurityContextPersistenceFilter.java:110) ~[spring-security-web-5.6.8.jar:5.6.8]
	at org.springframework.security.web.context.SecurityContextPersistenceFilter.doFilter(SecurityContextPersistenceFilter.java:80) ~[spring-security-web-5.6.8.jar:5.6.8]
	at org.springframework.security.web.FilterChainProxy$VirtualFilterChain.doFilter(FilterChainProxy.java:346) ~[spring-security-web-5.6.8.jar:5.6.8]
	at org.springframework.security.web.context.request.async.WebAsyncManagerIntegrationFilter.doFilterInternal(WebAsyncManagerIntegrationFilter.java:55) ~[spring-security-web-5.6.8.jar:5.6.8]
	at org.springframework.web.filter.OncePerRequestFilter.doFilter(OncePerRequestFilter.java:117) ~[spring-web-5.3.23.jar:5.3.23]
	at org.springframework.security.web.FilterChainProxy$VirtualFilterChain.doFilter(FilterChainProxy.java:346) ~[spring-security-web-5.6.8.jar:5.6.8]
	at org.springframework.security.web.FilterChainProxy.doFilterInternal(FilterChainProxy.java:221) ~[spring-security-web-5.6.8.jar:5.6.8]
	at org.springframework.security.web.FilterChainProxy.doFilter(FilterChainProxy.java:186) ~[spring-security-web-5.6.8.jar:5.6.8]
	at org.springframework.web.filter.DelegatingFilterProxy.invokeDelegate(DelegatingFilterProxy.java:354) ~[spring-web-5.3.23.jar:5.3.23]
	at org.springframework.web.filter.DelegatingFilterProxy.doFilter(DelegatingFilterProxy.java:267) ~[spring-web-5.3.23.jar:5.3.23]
	at org.apache.catalina.core.ApplicationFilterChain.internalDoFilter(ApplicationFilterChain.java:189) ~[tomcat-embed-core-9.0.68.jar:9.0.68]
	at org.apache.catalina.core.ApplicationFilterChain.doFilter(ApplicationFilterChain.java:162) ~[tomcat-embed-core-9.0.68.jar:9.0.68]
	at org.springframework.web.filter.RequestContextFilter.doFilterInternal(RequestContextFilter.java:100) ~[spring-web-5.3.23.jar:5.3.23]
	at org.springframework.web.filter.OncePerRequestFilter.doFilter(OncePerRequestFilter.java:117) ~[spring-web-5.3.23.jar:5.3.23]
	at org.apache.catalina.core.ApplicationFilterChain.internalDoFilter(ApplicationFilterChain.java:189) ~[tomcat-embed-core-9.0.68.jar:9.0.68]
	at org.apache.catalina.core.ApplicationFilterChain.doFilter(ApplicationFilterChain.java:162) ~[tomcat-embed-core-9.0.68.jar:9.0.68]
	at org.springframework.web.filter.FormContentFilter.doFilterInternal(FormContentFilter.java:93) ~[spring-web-5.3.23.jar:5.3.23]
	at org.springframework.web.filter.OncePerRequestFilter.doFilter(OncePerRequestFilter.java:117) ~[spring-web-5.3.23.jar:5.3.23]
	at org.apache.catalina.core.ApplicationFilterChain.internalDoFilter(ApplicationFilterChain.java:189) ~[tomcat-embed-core-9.0.68.jar:9.0.68]
	at org.apache.catalina.core.ApplicationFilterChain.doFilter(ApplicationFilterChain.java:162) ~[tomcat-embed-core-9.0.68.jar:9.0.68]
	at org.springframework.web.filter.CharacterEncodingFilter.doFilterInternal(CharacterEncodingFilter.java:201) ~[spring-web-5.3.23.jar:5.3.23]
	at org.springframework.web.filter.OncePerRequestFilter.doFilter(OncePerRequestFilter.java:117) ~[spring-web-5.3.23.jar:5.3.23]
	at org.apache.catalina.core.ApplicationFilterChain.internalDoFilter(ApplicationFilterChain.java:189) ~[tomcat-embed-core-9.0.68.jar:9.0.68]
	at org.apache.catalina.core.ApplicationFilterChain.doFilter(ApplicationFilterChain.java:162) ~[tomcat-embed-core-9.0.68.jar:9.0.68]
	at org.apache.catalina.core.StandardWrapperValve.invoke(StandardWrapperValve.java:197) ~[tomcat-embed-core-9.0.68.jar:9.0.68]
	at org.apache.catalina.core.StandardContextValve.invoke(StandardContextValve.java:97) [tomcat-embed-core-9.0.68.jar:9.0.68]
	at org.apache.catalina.authenticator.AuthenticatorBase.invoke(AuthenticatorBase.java:541) [tomcat-embed-core-9.0.68.jar:9.0.68]
	at org.apache.catalina.core.StandardHostValve.invoke(StandardHostValve.java:135) [tomcat-embed-core-9.0.68.jar:9.0.68]
	at org.apache.catalina.valves.ErrorReportValve.invoke(ErrorReportValve.java:92) [tomcat-embed-core-9.0.68.jar:9.0.68]
	at org.apache.catalina.core.StandardEngineValve.invoke(StandardEngineValve.java:78) [tomcat-embed-core-9.0.68.jar:9.0.68]
	at org.apache.catalina.connector.CoyoteAdapter.service(CoyoteAdapter.java:360) [tomcat-embed-core-9.0.68.jar:9.0.68]
	at org.apache.coyote.http11.Http11Processor.service(Http11Processor.java:399) [tomcat-embed-core-9.0.68.jar:9.0.68]
	at org.apache.coyote.AbstractProcessorLight.process(AbstractProcessorLight.java:65) [tomcat-embed-core-9.0.68.jar:9.0.68]
	at org.apache.coyote.AbstractProtocol$ConnectionHandler.process(AbstractProtocol.java:893) [tomcat-embed-core-9.0.68.jar:9.0.68]
	at org.apache.tomcat.util.net.NioEndpoint$SocketProcessor.doRun(NioEndpoint.java:1789) [tomcat-embed-core-9.0.68.jar:9.0.68]
	at org.apache.tomcat.util.net.SocketProcessorBase.run(SocketProcessorBase.java:49) [tomcat-embed-core-9.0.68.jar:9.0.68]
	at org.apache.tomcat.util.threads.ThreadPoolExecutor.runWorker(ThreadPoolExecutor.java:1191) [tomcat-embed-core-9.0.68.jar:9.0.68]
	at org.apache.tomcat.util.threads.ThreadPoolExecutor$Worker.run(ThreadPoolExecutor.java:659) [tomcat-embed-core-9.0.68.jar:9.0.68]
	at org.apache.tomcat.util.threads.TaskThread$WrappingRunnable.run(TaskThread.java:61) [tomcat-embed-core-9.0.68.jar:9.0.68]
	at java.lang.Thread.run(Thread.java:750) [na:1.8.0_491]

2026-08-31 11:13:52.310  INFO 13884 --- [http-nio-8999-exec-2] c.e.a.controller.UserLoginController     : userLogin:UserLogin(userId=null, userName=123, password=1, role=null, email=null, regDate=null)
2026-08-31 11:14:08.915  WARN 13884 --- [HikariPool-1 housekeeper] com.zaxxer.hikari.pool.HikariPool        : HikariPool-1 - Thread starvation or clock leap detected (housekeeper delta=46s444ms736µs200ns).
2026-08-31 11:14:46.260 ERROR 13884 --- [http-nio-8999-exec-2] o.a.c.c.C.[.[.[/].[dispatcherServlet]    : Servlet.service() for servlet [dispatcherServlet] in context with path [] threw exception [Request processing failed; nested exception is org.mybatis.spring.MyBatisSystemException: nested exception is org.apache.ibatis.exceptions.TooManyResultsException: Expected one result (or null) to be returned by selectOne(), but found: 5] with root cause

org.apache.ibatis.exceptions.TooManyResultsException: Expected one result (or null) to be returned by selectOne(), but found: 5
	at org.apache.ibatis.session.defaults.DefaultSqlSession.selectOne(DefaultSqlSession.java:80) ~[mybatis-3.5.4.jar:3.5.4]
	at sun.reflect.NativeMethodAccessorImpl.invoke0(Native Method) ~[na:1.8.0_491]
	at sun.reflect.NativeMethodAccessorImpl.invoke(NativeMethodAccessorImpl.java:62) ~[na:1.8.0_491]
	at sun.reflect.DelegatingMethodAccessorImpl.invoke(DelegatingMethodAccessorImpl.java:43) ~[na:1.8.0_491]
	at java.lang.reflect.Method.invoke(Method.java:498) ~[na:1.8.0_491]
	at org.mybatis.spring.SqlSessionTemplate$SqlSessionInterceptor.invoke(SqlSessionTemplate.java:426) ~[mybatis-spring-2.0.4.jar:2.0.4]
	at com.sun.proxy.$Proxy87.selectOne(Unknown Source) ~[na:na]
	at org.mybatis.spring.SqlSessionTemplate.selectOne(SqlSessionTemplate.java:159) ~[mybatis-spring-2.0.4.jar:2.0.4]
	at com.baomidou.mybatisplus.core.override.MybatisMapperMethod.execute(MybatisMapperMethod.java:108) ~[mybatis-plus-core-3.3.2.jar:3.3.2]
	at com.baomidou.mybatisplus.core.override.MybatisMapperProxy.invoke(MybatisMapperProxy.java:96) ~[mybatis-plus-core-3.3.2.jar:3.3.2]
	at com.sun.proxy.$Proxy88.selectOne(Unknown Source) ~[na:na]
	at com.baomidou.mybatisplus.extension.conditions.query.ChainQuery.one(ChainQuery.java:48) ~[mybatis-plus-extension-3.3.2.jar:3.3.2]
	at com.example.allsystem.service.impl.UserLoginServiceImpl.login(UserLoginServiceImpl.java:33) ~[classes/:na]
	at com.example.allsystem.service.impl.UserLoginServiceImpl$$FastClassBySpringCGLIB$$f5b3549d.invoke(<generated>) ~[classes/:na]
	at org.springframework.cglib.proxy.MethodProxy.invoke(MethodProxy.java:218) ~[spring-core-5.3.23.jar:5.3.23]
	at org.springframework.aop.framework.CglibAopProxy.invokeMethod(CglibAopProxy.java:386) ~[spring-aop-5.3.23.jar:5.3.23]
	at org.springframework.aop.framework.CglibAopProxy.access$000(CglibAopProxy.java:85) ~[spring-aop-5.3.23.jar:5.3.23]
	at org.springframework.aop.framework.CglibAopProxy$DynamicAdvisedInterceptor.intercept(CglibAopProxy.java:704) ~[spring-aop-5.3.23.jar:5.3.23]
	at com.example.allsystem.service.impl.UserLoginServiceImpl$$EnhancerBySpringCGLIB$$e4d195e9.login(<generated>) ~[classes/:na]
	at com.example.allsystem.controller.UserLoginController.login(UserLoginController.java:60) ~[classes/:na]
	at sun.reflect.NativeMethodAccessorImpl.invoke0(Native Method) ~[na:1.8.0_491]
	at sun.reflect.NativeMethodAccessorImpl.invoke(NativeMethodAccessorImpl.java:62) ~[na:1.8.0_491]
	at sun.reflect.DelegatingMethodAccessorImpl.invoke(DelegatingMethodAccessorImpl.java:43) ~[na:1.8.0_491]
	at java.lang.reflect.Method.invoke(Method.java:498) ~[na:1.8.0_491]
	at org.springframework.web.method.support.InvocableHandlerMethod.doInvoke(InvocableHandlerMethod.java:205) ~[spring-web-5.3.23.jar:5.3.23]
	at org.springframework.web.method.support.InvocableHandlerMethod.invokeForRequest(InvocableHandlerMethod.java:150) ~[spring-web-5.3.23.jar:5.3.23]
	at org.springframework.web.servlet.mvc.method.annotation.ServletInvocableHandlerMethod.invokeAndHandle(ServletInvocableHandlerMethod.java:117) ~[spring-webmvc-5.3.23.jar:5.3.23]
	at org.springframework.web.servlet.mvc.method.annotation.RequestMappingHandlerAdapter.invokeHandlerMethod(RequestMappingHandlerAdapter.java:895) ~[spring-webmvc-5.3.23.jar:5.3.23]
	at org.springframework.web.servlet.mvc.method.annotation.RequestMappingHandlerAdapter.handleInternal(RequestMappingHandlerAdapter.java:808) ~[spring-webmvc-5.3.23.jar:5.3.23]
	at org.springframework.web.servlet.mvc.method.AbstractHandlerMethodAdapter.handle(AbstractHandlerMethodAdapter.java:87) ~[spring-webmvc-5.3.23.jar:5.3.23]
	at org.springframework.web.servlet.DispatcherServlet.doDispatch(DispatcherServlet.java:1071) ~[spring-webmvc-5.3.23.jar:5.3.23]
	at org.springframework.web.servlet.DispatcherServlet.doService(DispatcherServlet.java:964) ~[spring-webmvc-5.3.23.jar:5.3.23]
	at org.springframework.web.servlet.FrameworkServlet.processRequest(FrameworkServlet.java:1006) ~[spring-webmvc-5.3.23.jar:5.3.23]
	at org.springframework.web.servlet.FrameworkServlet.doPost(FrameworkServlet.java:909) ~[spring-webmvc-5.3.23.jar:5.3.23]
	at javax.servlet.http.HttpServlet.service(HttpServlet.java:696) ~[tomcat-embed-core-9.0.68.jar:4.0.FR]
	at org.springframework.web.servlet.FrameworkServlet.service(FrameworkServlet.java:883) ~[spring-webmvc-5.3.23.jar:5.3.23]
	at javax.servlet.http.HttpServlet.service(HttpServlet.java:779) ~[tomcat-embed-core-9.0.68.jar:4.0.FR]
	at org.apache.catalina.core.ApplicationFilterChain.internalDoFilter(ApplicationFilterChain.java:227) ~[tomcat-embed-core-9.0.68.jar:9.0.68]
	at org.apache.catalina.core.ApplicationFilterChain.doFilter(ApplicationFilterChain.java:162) ~[tomcat-embed-core-9.0.68.jar:9.0.68]
	at org.apache.tomcat.websocket.server.WsFilter.doFilter(WsFilter.java:53) ~[tomcat-embed-websocket-9.0.68.jar:9.0.68]
	at org.apache.catalina.core.ApplicationFilterChain.internalDoFilter(ApplicationFilterChain.java:189) ~[tomcat-embed-core-9.0.68.jar:9.0.68]
	at org.apache.catalina.core.ApplicationFilterChain.doFilter(ApplicationFilterChain.java:162) ~[tomcat-embed-core-9.0.68.jar:9.0.68]
	at org.springframework.security.web.FilterChainProxy$VirtualFilterChain.doFilter(FilterChainProxy.java:337) ~[spring-security-web-5.6.8.jar:5.6.8]
	at org.springframework.security.web.access.intercept.AuthorizationFilter.doFilterInternal(AuthorizationFilter.java:58) ~[spring-security-web-5.6.8.jar:5.6.8]
	at org.springframework.web.filter.OncePerRequestFilter.doFilter(OncePerRequestFilter.java:117) ~[spring-web-5.3.23.jar:5.3.23]
	at org.springframework.security.web.FilterChainProxy$VirtualFilterChain.doFilter(FilterChainProxy.java:346) ~[spring-security-web-5.6.8.jar:5.6.8]
	at org.springframework.security.web.access.ExceptionTranslationFilter.doFilter(ExceptionTranslationFilter.java:122) ~[spring-security-web-5.6.8.jar:5.6.8]
	at org.springframework.security.web.access.ExceptionTranslationFilter.doFilter(ExceptionTranslationFilter.java:116) ~[spring-security-web-5.6.8.jar:5.6.8]
	at org.springframework.security.web.FilterChainProxy$VirtualFilterChain.doFilter(FilterChainProxy.java:346) ~[spring-security-web-5.6.8.jar:5.6.8]
	at org.springframework.security.web.session.SessionManagementFilter.doFilter(SessionManagementFilter.java:126) ~[spring-security-web-5.6.8.jar:5.6.8]
	at org.springframework.security.web.session.SessionManagementFilter.doFilter(SessionManagementFilter.java:81) ~[spring-security-web-5.6.8.jar:5.6.8]
	at org.springframework.security.web.FilterChainProxy$VirtualFilterChain.doFilter(FilterChainProxy.java:346) ~[spring-security-web-5.6.8.jar:5.6.8]
	at org.springframework.security.web.authentication.AnonymousAuthenticationFilter.doFilter(AnonymousAuthenticationFilter.java:109) ~[spring-security-web-5.6.8.jar:5.6.8]
	at org.springframework.security.web.FilterChainProxy$VirtualFilterChain.doFilter(FilterChainProxy.java:346) ~[spring-security-web-5.6.8.jar:5.6.8]
	at org.springframework.security.web.servletapi.SecurityContextHolderAwareRequestFilter.doFilter(SecurityContextHolderAwareRequestFilter.java:149) ~[spring-security-web-5.6.8.jar:5.6.8]
	at org.springframework.security.web.FilterChainProxy$VirtualFilterChain.doFilter(FilterChainProxy.java:346) ~[spring-security-web-5.6.8.jar:5.6.8]
	at org.springframework.security.web.savedrequest.RequestCacheAwareFilter.doFilter(RequestCacheAwareFilter.java:63) ~[spring-security-web-5.6.8.jar:5.6.8]
	at org.springframework.security.web.FilterChainProxy$VirtualFilterChain.doFilter(FilterChainProxy.java:346) ~[spring-security-web-5.6.8.jar:5.6.8]
	at org.springframework.security.web.authentication.logout.LogoutFilter.doFilter(LogoutFilter.java:103) ~[spring-security-web-5.6.8.jar:5.6.8]
	at org.springframework.security.web.authentication.logout.LogoutFilter.doFilter(LogoutFilter.java:89) ~[spring-security-web-5.6.8.jar:5.6.8]
	at org.springframework.security.web.FilterChainProxy$VirtualFilterChain.doFilter(FilterChainProxy.java:346) ~[spring-security-web-5.6.8.jar:5.6.8]
	at org.springframework.security.web.header.HeaderWriterFilter.doHeadersAfter(HeaderWriterFilter.java:90) ~[spring-security-web-5.6.8.jar:5.6.8]
	at org.springframework.security.web.header.HeaderWriterFilter.doFilterInternal(HeaderWriterFilter.java:75) ~[spring-security-web-5.6.8.jar:5.6.8]
	at org.springframework.web.filter.OncePerRequestFilter.doFilter(OncePerRequestFilter.java:117) ~[spring-web-5.3.23.jar:5.3.23]
	at org.springframework.security.web.FilterChainProxy$VirtualFilterChain.doFilter(FilterChainProxy.java:346) ~[spring-security-web-5.6.8.jar:5.6.8]
	at org.springframework.security.web.context.SecurityContextPersistenceFilter.doFilter(SecurityContextPersistenceFilter.java:110) ~[spring-security-web-5.6.8.jar:5.6.8]
	at org.springframework.security.web.context.SecurityContextPersistenceFilter.doFilter(SecurityContextPersistenceFilter.java:80) ~[spring-security-web-5.6.8.jar:5.6.8]
	at org.springframework.security.web.FilterChainProxy$VirtualFilterChain.doFilter(FilterChainProxy.java:346) ~[spring-security-web-5.6.8.jar:5.6.8]
	at org.springframework.security.web.context.request.async.WebAsyncManagerIntegrationFilter.doFilterInternal(WebAsyncManagerIntegrationFilter.java:55) ~[spring-security-web-5.6.8.jar:5.6.8]
	at org.springframework.web.filter.OncePerRequestFilter.doFilter(OncePerRequestFilter.java:117) ~[spring-web-5.3.23.jar:5.3.23]
	at org.springframework.security.web.FilterChainProxy$VirtualFilterChain.doFilter(FilterChainProxy.java:346) ~[spring-security-web-5.6.8.jar:5.6.8]
	at org.springframework.security.web.FilterChainProxy.doFilterInternal(FilterChainProxy.java:221) ~[spring-security-web-5.6.8.jar:5.6.8]
	at org.springframework.security.web.FilterChainProxy.doFilter(FilterChainProxy.java:186) ~[spring-security-web-5.6.8.jar:5.6.8]
	at org.springframework.web.filter.DelegatingFilterProxy.invokeDelegate(DelegatingFilterProxy.java:354) ~[spring-web-5.3.23.jar:5.3.23]
	at org.springframework.web.filter.DelegatingFilterProxy.doFilter(DelegatingFilterProxy.java:267) ~[spring-web-5.3.23.jar:5.3.23]
	at org.apache.catalina.core.ApplicationFilterChain.internalDoFilter(ApplicationFilterChain.java:189) ~[tomcat-embed-core-9.0.68.jar:9.0.68]
	at org.apache.catalina.core.ApplicationFilterChain.doFilter(ApplicationFilterChain.java:162) ~[tomcat-embed-core-9.0.68.jar:9.0.68]
	at org.springframework.web.filter.RequestContextFilter.doFilterInternal(RequestContextFilter.java:100) ~[spring-web-5.3.23.jar:5.3.23]
	at org.springframework.web.filter.OncePerRequestFilter.doFilter(OncePerRequestFilter.java:117) ~[spring-web-5.3.23.jar:5.3.23]
	at org.apache.catalina.core.ApplicationFilterChain.internalDoFilter(ApplicationFilterChain.java:189) ~[tomcat-embed-core-9.0.68.jar:9.0.68]
	at org.apache.catalina.core.ApplicationFilterChain.doFilter(ApplicationFilterChain.java:162) ~[tomcat-embed-core-9.0.68.jar:9.0.68]
	at org.springframework.web.filter.FormContentFilter.doFilterInternal(FormContentFilter.java:93) ~[spring-web-5.3.23.jar:5.3.23]
	at org.springframework.web.filter.OncePerRequestFilter.doFilter(OncePerRequestFilter.java:117) ~[spring-web-5.3.23.jar:5.3.23]
	at org.apache.catalina.core.ApplicationFilterChain.internalDoFilter(ApplicationFilterChain.java:189) ~[tomcat-embed-core-9.0.68.jar:9.0.68]
	at org.apache.catalina.core.ApplicationFilterChain.doFilter(ApplicationFilterChain.java:162) ~[tomcat-embed-core-9.0.68.jar:9.0.68]
	at org.springframework.web.filter.CharacterEncodingFilter.doFilterInternal(CharacterEncodingFilter.java:201) ~[spring-web-5.3.23.jar:5.3.23]
	at org.springframework.web.filter.OncePerRequestFilter.doFilter(OncePerRequestFilter.java:117) ~[spring-web-5.3.23.jar:5.3.23]
	at org.apache.catalina.core.ApplicationFilterChain.internalDoFilter(ApplicationFilterChain.java:189) ~[tomcat-embed-core-9.0.68.jar:9.0.68]
	at org.apache.catalina.core.ApplicationFilterChain.doFilter(ApplicationFilterChain.java:162) ~[tomcat-embed-core-9.0.68.jar:9.0.68]
	at org.apache.catalina.core.StandardWrapperValve.invoke(StandardWrapperValve.java:197) ~[tomcat-embed-core-9.0.68.jar:9.0.68]
	at org.apache.catalina.core.StandardContextValve.invoke(StandardContextValve.java:97) [tomcat-embed-core-9.0.68.jar:9.0.68]
	at org.apache.catalina.authenticator.AuthenticatorBase.invoke(AuthenticatorBase.java:541) [tomcat-embed-core-9.0.68.jar:9.0.68]
	at org.apache.catalina.core.StandardHostValve.invoke(StandardHostValve.java:135) [tomcat-embed-core-9.0.68.jar:9.0.68]
	at org.apache.catalina.valves.ErrorReportValve.invoke(ErrorReportValve.java:92) [tomcat-embed-core-9.0.68.jar:9.0.68]
	at org.apache.catalina.core.StandardEngineValve.invoke(StandardEngineValve.java:78) [tomcat-embed-core-9.0.68.jar:9.0.68]
	at org.apache.catalina.connector.CoyoteAdapter.service(CoyoteAdapter.java:360) [tomcat-embed-core-9.0.68.jar:9.0.68]
	at org.apache.coyote.http11.Http11Processor.service(Http11Processor.java:399) [tomcat-embed-core-9.0.68.jar:9.0.68]
	at org.apache.coyote.AbstractProcessorLight.process(AbstractProcessorLight.java:65) [tomcat-embed-core-9.0.68.jar:9.0.68]
	at org.apache.coyote.AbstractProtocol$ConnectionHandler.process(AbstractProtocol.java:893) [tomcat-embed-core-9.0.68.jar:9.0.68]
	at org.apache.tomcat.util.net.NioEndpoint$SocketProcessor.doRun(NioEndpoint.java:1789) [tomcat-embed-core-9.0.68.jar:9.0.68]
	at org.apache.tomcat.util.net.SocketProcessorBase.run(SocketProcessorBase.java:49) [tomcat-embed-core-9.0.68.jar:9.0.68]
	at org.apache.tomcat.util.threads.ThreadPoolExecutor.runWorker(ThreadPoolExecutor.java:1191) [tomcat-embed-core-9.0.68.jar:9.0.68]
	at org.apache.tomcat.util.threads.ThreadPoolExecutor$Worker.run(ThreadPoolExecutor.java:659) [tomcat-embed-core-9.0.68.jar:9.0.68]
	at org.apache.tomcat.util.threads.TaskThread$WrappingRunnable.run(TaskThread.java:61) [tomcat-embed-core-9.0.68.jar:9.0.68]
	at java.lang.Thread.run(Thread.java:750) [na:1.8.0_491]

2026-08-31 11:15:30.460  INFO 13884 --- [http-nio-8999-exec-5] c.e.a.controller.UserLoginController     : userLogin:UserLogin(userId=null, userName=123, password=123456, role=null, email=null, regDate=null)
2026-08-31 11:15:30.472 ERROR 13884 --- [http-nio-8999-exec-5] o.a.c.c.C.[.[.[/].[dispatcherServlet]    : Servlet.service() for servlet [dispatcherServlet] in context with path [] threw exception [Request processing failed; nested exception is org.mybatis.spring.MyBatisSystemException: nested exception is org.apache.ibatis.exceptions.TooManyResultsException: Expected one result (or null) to be returned by selectOne(), but found: 6] with root cause

org.apache.ibatis.exceptions.TooManyResultsException: Expected one result (or null) to be returned by selectOne(), but found: 6
	at org.apache.ibatis.session.defaults.DefaultSqlSession.selectOne(DefaultSqlSession.java:80) ~[mybatis-3.5.4.jar:3.5.4]
	at sun.reflect.NativeMethodAccessorImpl.invoke0(Native Method) ~[na:1.8.0_491]
	at sun.reflect.NativeMethodAccessorImpl.invoke(NativeMethodAccessorImpl.java:62) ~[na:1.8.0_491]
	at sun.reflect.DelegatingMethodAccessorImpl.invoke(DelegatingMethodAccessorImpl.java:43) ~[na:1.8.0_491]
	at java.lang.reflect.Method.invoke(Method.java:498) ~[na:1.8.0_491]
	at org.mybatis.spring.SqlSessionTemplate$SqlSessionInterceptor.invoke(SqlSessionTemplate.java:426) ~[mybatis-spring-2.0.4.jar:2.0.4]
	at com.sun.proxy.$Proxy87.selectOne(Unknown Source) ~[na:na]
	at org.mybatis.spring.SqlSessionTemplate.selectOne(SqlSessionTemplate.java:159) ~[mybatis-spring-2.0.4.jar:2.0.4]
	at com.baomidou.mybatisplus.core.override.MybatisMapperMethod.execute(MybatisMapperMethod.java:108) ~[mybatis-plus-core-3.3.2.jar:3.3.2]
	at com.baomidou.mybatisplus.core.override.MybatisMapperProxy.invoke(MybatisMapperProxy.java:96) ~[mybatis-plus-core-3.3.2.jar:3.3.2]
	at com.sun.proxy.$Proxy88.selectOne(Unknown Source) ~[na:na]
	at com.baomidou.mybatisplus.extension.conditions.query.ChainQuery.one(ChainQuery.java:48) ~[mybatis-plus-extension-3.3.2.jar:3.3.2]
	at com.example.allsystem.service.impl.UserLoginServiceImpl.login(UserLoginServiceImpl.java:33) ~[classes/:na]
	at com.example.allsystem.service.impl.UserLoginServiceImpl$$FastClassBySpringCGLIB$$f5b3549d.invoke(<generated>) ~[classes/:na]
	at org.springframework.cglib.proxy.MethodProxy.invoke(MethodProxy.java:218) ~[spring-core-5.3.23.jar:5.3.23]
	at org.springframework.aop.framework.CglibAopProxy.invokeMethod(CglibAopProxy.java:386) ~[spring-aop-5.3.23.jar:5.3.23]
	at org.springframework.aop.framework.CglibAopProxy.access$000(CglibAopProxy.java:85) ~[spring-aop-5.3.23.jar:5.3.23]
	at org.springframework.aop.framework.CglibAopProxy$DynamicAdvisedInterceptor.intercept(CglibAopProxy.java:704) ~[spring-aop-5.3.23.jar:5.3.23]
	at com.example.allsystem.service.impl.UserLoginServiceImpl$$EnhancerBySpringCGLIB$$e4d195e9.login(<generated>) ~[classes/:na]
	at com.example.allsystem.controller.UserLoginController.login(UserLoginController.java:60) ~[classes/:na]
	at sun.reflect.NativeMethodAccessorImpl.invoke0(Native Method) ~[na:1.8.0_491]
	at sun.reflect.NativeMethodAccessorImpl.invoke(NativeMethodAccessorImpl.java:62) ~[na:1.8.0_491]
	at sun.reflect.DelegatingMethodAccessorImpl.invoke(DelegatingMethodAccessorImpl.java:43) ~[na:1.8.0_491]
	at java.lang.reflect.Method.invoke(Method.java:498) ~[na:1.8.0_491]
	at org.springframework.web.method.support.InvocableHandlerMethod.doInvoke(InvocableHandlerMethod.java:205) ~[spring-web-5.3.23.jar:5.3.23]
	at org.springframework.web.method.support.InvocableHandlerMethod.invokeForRequest(InvocableHandlerMethod.java:150) ~[spring-web-5.3.23.jar:5.3.23]
	at org.springframework.web.servlet.mvc.method.annotation.ServletInvocableHandlerMethod.invokeAndHandle(ServletInvocableHandlerMethod.java:117) ~[spring-webmvc-5.3.23.jar:5.3.23]
	at org.springframework.web.servlet.mvc.method.annotation.RequestMappingHandlerAdapter.invokeHandlerMethod(RequestMappingHandlerAdapter.java:895) ~[spring-webmvc-5.3.23.jar:5.3.23]
	at org.springframework.web.servlet.mvc.method.annotation.RequestMappingHandlerAdapter.handleInternal(RequestMappingHandlerAdapter.java:808) ~[spring-webmvc-5.3.23.jar:5.3.23]
	at org.springframework.web.servlet.mvc.method.AbstractHandlerMethodAdapter.handle(AbstractHandlerMethodAdapter.java:87) ~[spring-webmvc-5.3.23.jar:5.3.23]
	at org.springframework.web.servlet.DispatcherServlet.doDispatch(DispatcherServlet.java:1071) ~[spring-webmvc-5.3.23.jar:5.3.23]
	at org.springframework.web.servlet.DispatcherServlet.doService(DispatcherServlet.java:964) ~[spring-webmvc-5.3.23.jar:5.3.23]
	at org.springframework.web.servlet.FrameworkServlet.processRequest(FrameworkServlet.java:1006) ~[spring-webmvc-5.3.23.jar:5.3.23]
	at org.springframework.web.servlet.FrameworkServlet.doPost(FrameworkServlet.java:909) ~[spring-webmvc-5.3.23.jar:5.3.23]
	at javax.servlet.http.HttpServlet.service(HttpServlet.java:696) ~[tomcat-embed-core-9.0.68.jar:4.0.FR]
	at org.springframework.web.servlet.FrameworkServlet.service(FrameworkServlet.java:883) ~[spring-webmvc-5.3.23.jar:5.3.23]
	at javax.servlet.http.HttpServlet.service(HttpServlet.java:779) ~[tomcat-embed-core-9.0.68.jar:4.0.FR]
	at org.apache.catalina.core.ApplicationFilterChain.internalDoFilter(ApplicationFilterChain.java:227) ~[tomcat-embed-core-9.0.68.jar:9.0.68]
	at org.apache.catalina.core.ApplicationFilterChain.doFilter(ApplicationFilterChain.java:162) ~[tomcat-embed-core-9.0.68.jar:9.0.68]
	at org.apache.tomcat.websocket.server.WsFilter.doFilter(WsFilter.java:53) ~[tomcat-embed-websocket-9.0.68.jar:9.0.68]
	at org.apache.catalina.core.ApplicationFilterChain.internalDoFilter(ApplicationFilterChain.java:189) ~[tomcat-embed-core-9.0.68.jar:9.0.68]
	at org.apache.catalina.core.ApplicationFilterChain.doFilter(ApplicationFilterChain.java:162) ~[tomcat-embed-core-9.0.68.jar:9.0.68]
	at org.springframework.security.web.FilterChainProxy$VirtualFilterChain.doFilter(FilterChainProxy.java:337) ~[spring-security-web-5.6.8.jar:5.6.8]
	at org.springframework.security.web.access.intercept.AuthorizationFilter.doFilterInternal(AuthorizationFilter.java:58) ~[spring-security-web-5.6.8.jar:5.6.8]
	at org.springframework.web.filter.OncePerRequestFilter.doFilter(OncePerRequestFilter.java:117) ~[spring-web-5.3.23.jar:5.3.23]
	at org.springframework.security.web.FilterChainProxy$VirtualFilterChain.doFilter(FilterChainProxy.java:346) ~[spring-security-web-5.6.8.jar:5.6.8]
	at org.springframework.security.web.access.ExceptionTranslationFilter.doFilter(ExceptionTranslationFilter.java:122) ~[spring-security-web-5.6.8.jar:5.6.8]
	at org.springframework.security.web.access.ExceptionTranslationFilter.doFilter(ExceptionTranslationFilter.java:116) ~[spring-security-web-5.6.8.jar:5.6.8]
	at org.springframework.security.web.FilterChainProxy$VirtualFilterChain.doFilter(FilterChainProxy.java:346) ~[spring-security-web-5.6.8.jar:5.6.8]
	at org.springframework.security.web.session.SessionManagementFilter.doFilter(SessionManagementFilter.java:126) ~[spring-security-web-5.6.8.jar:5.6.8]
	at org.springframework.security.web.session.SessionManagementFilter.doFilter(SessionManagementFilter.java:81) ~[spring-security-web-5.6.8.jar:5.6.8]
	at org.springframework.security.web.FilterChainProxy$VirtualFilterChain.doFilter(FilterChainProxy.java:346) ~[spring-security-web-5.6.8.jar:5.6.8]
	at org.springframework.security.web.authentication.AnonymousAuthenticationFilter.doFilter(AnonymousAuthenticationFilter.java:109) ~[spring-security-web-5.6.8.jar:5.6.8]
	at org.springframework.security.web.FilterChainProxy$VirtualFilterChain.doFilter(FilterChainProxy.java:346) ~[spring-security-web-5.6.8.jar:5.6.8]
	at org.springframework.security.web.servletapi.SecurityContextHolderAwareRequestFilter.doFilter(SecurityContextHolderAwareRequestFilter.java:149) ~[spring-security-web-5.6.8.jar:5.6.8]
	at org.springframework.security.web.FilterChainProxy$VirtualFilterChain.doFilter(FilterChainProxy.java:346) ~[spring-security-web-5.6.8.jar:5.6.8]
	at org.springframework.security.web.savedrequest.RequestCacheAwareFilter.doFilter(RequestCacheAwareFilter.java:63) ~[spring-security-web-5.6.8.jar:5.6.8]
	at org.springframework.security.web.FilterChainProxy$VirtualFilterChain.doFilter(FilterChainProxy.java:346) ~[spring-security-web-5.6.8.jar:5.6.8]
	at org.springframework.security.web.authentication.logout.LogoutFilter.doFilter(LogoutFilter.java:103) ~[spring-security-web-5.6.8.jar:5.6.8]
	at org.springframework.security.web.authentication.logout.LogoutFilter.doFilter(LogoutFilter.java:89) ~[spring-security-web-5.6.8.jar:5.6.8]
	at org.springframework.security.web.FilterChainProxy$VirtualFilterChain.doFilter(FilterChainProxy.java:346) ~[spring-security-web-5.6.8.jar:5.6.8]
	at org.springframework.security.web.header.HeaderWriterFilter.doHeadersAfter(HeaderWriterFilter.java:90) ~[spring-security-web-5.6.8.jar:5.6.8]
	at org.springframework.security.web.header.HeaderWriterFilter.doFilterInternal(HeaderWriterFilter.java:75) ~[spring-security-web-5.6.8.jar:5.6.8]
	at org.springframework.web.filter.OncePerRequestFilter.doFilter(OncePerRequestFilter.java:117) ~[spring-web-5.3.23.jar:5.3.23]
	at org.springframework.security.web.FilterChainProxy$VirtualFilterChain.doFilter(FilterChainProxy.java:346) ~[spring-security-web-5.6.8.jar:5.6.8]
	at org.springframework.security.web.context.SecurityContextPersistenceFilter.doFilter(SecurityContextPersistenceFilter.java:110) ~[spring-security-web-5.6.8.jar:5.6.8]
	at org.springframework.security.web.context.SecurityContextPersistenceFilter.doFilter(SecurityContextPersistenceFilter.java:80) ~[spring-security-web-5.6.8.jar:5.6.8]
	at org.springframework.security.web.FilterChainProxy$VirtualFilterChain.doFilter(FilterChainProxy.java:346) ~[spring-security-web-5.6.8.jar:5.6.8]
	at org.springframework.security.web.context.request.async.WebAsyncManagerIntegrationFilter.doFilterInternal(WebAsyncManagerIntegrationFilter.java:55) ~[spring-security-web-5.6.8.jar:5.6.8]
	at org.springframework.web.filter.OncePerRequestFilter.doFilter(OncePerRequestFilter.java:117) ~[spring-web-5.3.23.jar:5.3.23]
	at org.springframework.security.web.FilterChainProxy$VirtualFilterChain.doFilter(FilterChainProxy.java:346) ~[spring-security-web-5.6.8.jar:5.6.8]
	at org.springframework.security.web.FilterChainProxy.doFilterInternal(FilterChainProxy.java:221) ~[spring-security-web-5.6.8.jar:5.6.8]
	at org.springframework.security.web.FilterChainProxy.doFilter(FilterChainProxy.java:186) ~[spring-security-web-5.6.8.jar:5.6.8]
	at org.springframework.web.filter.DelegatingFilterProxy.invokeDelegate(DelegatingFilterProxy.java:354) ~[spring-web-5.3.23.jar:5.3.23]
	at org.springframework.web.filter.DelegatingFilterProxy.doFilter(DelegatingFilterProxy.java:267) ~[spring-web-5.3.23.jar:5.3.23]
	at org.apache.catalina.core.ApplicationFilterChain.internalDoFilter(ApplicationFilterChain.java:189) ~[tomcat-embed-core-9.0.68.jar:9.0.68]
	at org.apache.catalina.core.ApplicationFilterChain.doFilter(ApplicationFilterChain.java:162) ~[tomcat-embed-core-9.0.68.jar:9.0.68]
	at org.springframework.web.filter.RequestContextFilter.doFilterInternal(RequestContextFilter.java:100) ~[spring-web-5.3.23.jar:5.3.23]
	at org.springframework.web.filter.OncePerRequestFilter.doFilter(OncePerRequestFilter.java:117) ~[spring-web-5.3.23.jar:5.3.23]
	at org.apache.catalina.core.ApplicationFilterChain.internalDoFilter(ApplicationFilterChain.java:189) ~[tomcat-embed-core-9.0.68.jar:9.0.68]
	at org.apache.catalina.core.ApplicationFilterChain.doFilter(ApplicationFilterChain.java:162) ~[tomcat-embed-core-9.0.68.jar:9.0.68]
	at org.springframework.web.filter.FormContentFilter.doFilterInternal(FormContentFilter.java:93) ~[spring-web-5.3.23.jar:5.3.23]
	at org.springframework.web.filter.OncePerRequestFilter.doFilter(OncePerRequestFilter.java:117) ~[spring-web-5.3.23.jar:5.3.23]
	at org.apache.catalina.core.ApplicationFilterChain.internalDoFilter(ApplicationFilterChain.java:189) ~[tomcat-embed-core-9.0.68.jar:9.0.68]
	at org.apache.catalina.core.ApplicationFilterChain.doFilter(ApplicationFilterChain.java:162) ~[tomcat-embed-core-9.0.68.jar:9.0.68]
	at org.springframework.web.filter.CharacterEncodingFilter.doFilterInternal(CharacterEncodingFilter.java:201) ~[spring-web-5.3.23.jar:5.3.23]
	at org.springframework.web.filter.OncePerRequestFilter.doFilter(OncePerRequestFilter.java:117) ~[spring-web-5.3.23.jar:5.3.23]
	at org.apache.catalina.core.ApplicationFilterChain.internalDoFilter(ApplicationFilterChain.java:189) ~[tomcat-embed-core-9.0.68.jar:9.0.68]
	at org.apache.catalina.core.ApplicationFilterChain.doFilter(ApplicationFilterChain.java:162) ~[tomcat-embed-core-9.0.68.jar:9.0.68]
	at org.apache.catalina.core.StandardWrapperValve.invoke(StandardWrapperValve.java:197) ~[tomcat-embed-core-9.0.68.jar:9.0.68]
	at org.apache.catalina.core.StandardContextValve.invoke(StandardContextValve.java:97) [tomcat-embed-core-9.0.68.jar:9.0.68]
	at org.apache.catalina.authenticator.AuthenticatorBase.invoke(AuthenticatorBase.java:541) [tomcat-embed-core-9.0.68.jar:9.0.68]
	at org.apache.catalina.core.StandardHostValve.invoke(StandardHostValve.java:135) [tomcat-embed-core-9.0.68.jar:9.0.68]
	at org.apache.catalina.valves.ErrorReportValve.invoke(ErrorReportValve.java:92) [tomcat-embed-core-9.0.68.jar:9.0.68]
	at org.apache.catalina.core.StandardEngineValve.invoke(StandardEngineValve.java:78) [tomcat-embed-core-9.0.68.jar:9.0.68]
	at org.apache.catalina.connector.CoyoteAdapter.service(CoyoteAdapter.java:360) [tomcat-embed-core-9.0.68.jar:9.0.68]
	at org.apache.coyote.http11.Http11Processor.service(Http11Processor.java:399) [tomcat-embed-core-9.0.68.jar:9.0.68]
	at org.apache.coyote.AbstractProcessorLight.process(AbstractProcessorLight.java:65) [tomcat-embed-core-9.0.68.jar:9.0.68]
	at org.apache.coyote.AbstractProtocol$ConnectionHandler.process(AbstractProtocol.java:893) [tomcat-embed-core-9.0.68.jar:9.0.68]
	at org.apache.tomcat.util.net.NioEndpoint$SocketProcessor.doRun(NioEndpoint.java:1789) [tomcat-embed-core-9.0.68.jar:9.0.68]
	at org.apache.tomcat.util.net.SocketProcessorBase.run(SocketProcessorBase.java:49) [tomcat-embed-core-9.0.68.jar:9.0.68]
	at org.apache.tomcat.util.threads.ThreadPoolExecutor.runWorker(ThreadPoolExecutor.java:1191) [tomcat-embed-core-9.0.68.jar:9.0.68]
	at org.apache.tomcat.util.threads.ThreadPoolExecutor$Worker.run(ThreadPoolExecutor.java:659) [tomcat-embed-core-9.0.68.jar:9.0.68]
	at org.apache.tomcat.util.threads.TaskThread$WrappingRunnable.run(TaskThread.java:61) [tomcat-embed-core-9.0.68.jar:9.0.68]
	at java.lang.Thread.run(Thread.java:750) [na:1.8.0_491]

2026-08-31 11:15:43.132  INFO 13884 --- [http-nio-8999-exec-4] c.e.a.controller.UserLoginController     : userLogin:UserLogin(userId=null, userName=123, password=123456, role=null, email=null, regDate=null)
2026-08-31 11:15:43.142 ERROR 13884 --- [http-nio-8999-exec-4] o.a.c.c.C.[.[.[/].[dispatcherServlet]    : Servlet.service() for servlet [dispatcherServlet] in context with path [] threw exception [Request processing failed; nested exception is org.mybatis.spring.MyBatisSystemException: nested exception is org.apache.ibatis.exceptions.TooManyResultsException: Expected one result (or null) to be returned by selectOne(), but found: 6] with root cause

org.apache.ibatis.exceptions.TooManyResultsException: Expected one result (or null) to be returned by selectOne(), but found: 6
	at org.apache.ibatis.session.defaults.DefaultSqlSession.selectOne(DefaultSqlSession.java:80) ~[mybatis-3.5.4.jar:3.5.4]
	at sun.reflect.NativeMethodAccessorImpl.invoke0(Native Method) ~[na:1.8.0_491]
	at sun.reflect.NativeMethodAccessorImpl.invoke(NativeMethodAccessorImpl.java:62) ~[na:1.8.0_491]
	at sun.reflect.DelegatingMethodAccessorImpl.invoke(DelegatingMethodAccessorImpl.java:43) ~[na:1.8.0_491]
	at java.lang.reflect.Method.invoke(Method.java:498) ~[na:1.8.0_491]
	at org.mybatis.spring.SqlSessionTemplate$SqlSessionInterceptor.invoke(SqlSessionTemplate.java:426) ~[mybatis-spring-2.0.4.jar:2.0.4]
	at com.sun.proxy.$Proxy87.selectOne(Unknown Source) ~[na:na]
	at org.mybatis.spring.SqlSessionTemplate.selectOne(SqlSessionTemplate.java:159) ~[mybatis-spring-2.0.4.jar:2.0.4]
	at com.baomidou.mybatisplus.core.override.MybatisMapperMethod.execute(MybatisMapperMethod.java:108) ~[mybatis-plus-core-3.3.2.jar:3.3.2]
	at com.baomidou.mybatisplus.core.override.MybatisMapperProxy.invoke(MybatisMapperProxy.java:96) ~[mybatis-plus-core-3.3.2.jar:3.3.2]
	at com.sun.proxy.$Proxy88.selectOne(Unknown Source) ~[na:na]
	at com.baomidou.mybatisplus.extension.conditions.query.ChainQuery.one(ChainQuery.java:48) ~[mybatis-plus-extension-3.3.2.jar:3.3.2]
	at com.example.allsystem.service.impl.UserLoginServiceImpl.login(UserLoginServiceImpl.java:33) ~[classes/:na]
	at com.example.allsystem.service.impl.UserLoginServiceImpl$$FastClassBySpringCGLIB$$f5b3549d.invoke(<generated>) ~[classes/:na]
	at org.springframework.cglib.proxy.MethodProxy.invoke(MethodProxy.java:218) ~[spring-core-5.3.23.jar:5.3.23]
	at org.springframework.aop.framework.CglibAopProxy.invokeMethod(CglibAopProxy.java:386) ~[spring-aop-5.3.23.jar:5.3.23]
	at org.springframework.aop.framework.CglibAopProxy.access$000(CglibAopProxy.java:85) ~[spring-aop-5.3.23.jar:5.3.23]
	at org.springframework.aop.framework.CglibAopProxy$DynamicAdvisedInterceptor.intercept(CglibAopProxy.java:704) ~[spring-aop-5.3.23.jar:5.3.23]
	at com.example.allsystem.service.impl.UserLoginServiceImpl$$EnhancerBySpringCGLIB$$e4d195e9.login(<generated>) ~[classes/:na]
	at com.example.allsystem.controller.UserLoginController.login(UserLoginController.java:60) ~[classes/:na]
	at sun.reflect.NativeMethodAccessorImpl.invoke0(Native Method) ~[na:1.8.0_491]
	at sun.reflect.NativeMethodAccessorImpl.invoke(NativeMethodAccessorImpl.java:62) ~[na:1.8.0_491]
	at sun.reflect.DelegatingMethodAccessorImpl.invoke(DelegatingMethodAccessorImpl.java:43) ~[na:1.8.0_491]
	at java.lang.reflect.Method.invoke(Method.java:498) ~[na:1.8.0_491]
	at org.springframework.web.method.support.InvocableHandlerMethod.doInvoke(InvocableHandlerMethod.java:205) ~[spring-web-5.3.23.jar:5.3.23]
	at org.springframework.web.method.support.InvocableHandlerMethod.invokeForRequest(InvocableHandlerMethod.java:150) ~[spring-web-5.3.23.jar:5.3.23]
	at org.springframework.web.servlet.mvc.method.annotation.ServletInvocableHandlerMethod.invokeAndHandle(ServletInvocableHandlerMethod.java:117) ~[spring-webmvc-5.3.23.jar:5.3.23]
	at org.springframework.web.servlet.mvc.method.annotation.RequestMappingHandlerAdapter.invokeHandlerMethod(RequestMappingHandlerAdapter.java:895) ~[spring-webmvc-5.3.23.jar:5.3.23]
	at org.springframework.web.servlet.mvc.method.annotation.RequestMappingHandlerAdapter.handleInternal(RequestMappingHandlerAdapter.java:808) ~[spring-webmvc-5.3.23.jar:5.3.23]
	at org.springframework.web.servlet.mvc.method.AbstractHandlerMethodAdapter.handle(AbstractHandlerMethodAdapter.java:87) ~[spring-webmvc-5.3.23.jar:5.3.23]
	at org.springframework.web.servlet.DispatcherServlet.doDispatch(DispatcherServlet.java:1071) ~[spring-webmvc-5.3.23.jar:5.3.23]
	at org.springframework.web.servlet.DispatcherServlet.doService(DispatcherServlet.java:964) ~[spring-webmvc-5.3.23.jar:5.3.23]
	at org.springframework.web.servlet.FrameworkServlet.processRequest(FrameworkServlet.java:1006) ~[spring-webmvc-5.3.23.jar:5.3.23]
	at org.springframework.web.servlet.FrameworkServlet.doPost(FrameworkServlet.java:909) ~[spring-webmvc-5.3.23.jar:5.3.23]
	at javax.servlet.http.HttpServlet.service(HttpServlet.java:696) ~[tomcat-embed-core-9.0.68.jar:4.0.FR]
	at org.springframework.web.servlet.FrameworkServlet.service(FrameworkServlet.java:883) ~[spring-webmvc-5.3.23.jar:5.3.23]
	at javax.servlet.http.HttpServlet.service(HttpServlet.java:779) ~[tomcat-embed-core-9.0.68.jar:4.0.FR]
	at org.apache.catalina.core.ApplicationFilterChain.internalDoFilter(ApplicationFilterChain.java:227) ~[tomcat-embed-core-9.0.68.jar:9.0.68]
	at org.apache.catalina.core.ApplicationFilterChain.doFilter(ApplicationFilterChain.java:162) ~[tomcat-embed-core-9.0.68.jar:9.0.68]
	at org.apache.tomcat.websocket.server.WsFilter.doFilter(WsFilter.java:53) ~[tomcat-embed-websocket-9.0.68.jar:9.0.68]
	at org.apache.catalina.core.ApplicationFilterChain.internalDoFilter(ApplicationFilterChain.java:189) ~[tomcat-embed-core-9.0.68.jar:9.0.68]
	at org.apache.catalina.core.ApplicationFilterChain.doFilter(ApplicationFilterChain.java:162) ~[tomcat-embed-core-9.0.68.jar:9.0.68]
	at org.springframework.security.web.FilterChainProxy$VirtualFilterChain.doFilter(FilterChainProxy.java:337) ~[spring-security-web-5.6.8.jar:5.6.8]
	at org.springframework.security.web.access.intercept.AuthorizationFilter.doFilterInternal(AuthorizationFilter.java:58) ~[spring-security-web-5.6.8.jar:5.6.8]
	at org.springframework.web.filter.OncePerRequestFilter.doFilter(OncePerRequestFilter.java:117) ~[spring-web-5.3.23.jar:5.3.23]
	at org.springframework.security.web.FilterChainProxy$VirtualFilterChain.doFilter(FilterChainProxy.java:346) ~[spring-security-web-5.6.8.jar:5.6.8]
	at org.springframework.security.web.access.ExceptionTranslationFilter.doFilter(ExceptionTranslationFilter.java:122) ~[spring-security-web-5.6.8.jar:5.6.8]
	at org.springframework.security.web.access.ExceptionTranslationFilter.doFilter(ExceptionTranslationFilter.java:116) ~[spring-security-web-5.6.8.jar:5.6.8]
	at org.springframework.security.web.FilterChainProxy$VirtualFilterChain.doFilter(FilterChainProxy.java:346) ~[spring-security-web-5.6.8.jar:5.6.8]
	at org.springframework.security.web.session.SessionManagementFilter.doFilter(SessionManagementFilter.java:126) ~[spring-security-web-5.6.8.jar:5.6.8]
	at org.springframework.security.web.session.SessionManagementFilter.doFilter(SessionManagementFilter.java:81) ~[spring-security-web-5.6.8.jar:5.6.8]
	at org.springframework.security.web.FilterChainProxy$VirtualFilterChain.doFilter(FilterChainProxy.java:346) ~[spring-security-web-5.6.8.jar:5.6.8]
	at org.springframework.security.web.authentication.AnonymousAuthenticationFilter.doFilter(AnonymousAuthenticationFilter.java:109) ~[spring-security-web-5.6.8.jar:5.6.8]
	at org.springframework.security.web.FilterChainProxy$VirtualFilterChain.doFilter(FilterChainProxy.java:346) ~[spring-security-web-5.6.8.jar:5.6.8]
	at org.springframework.security.web.servletapi.SecurityContextHolderAwareRequestFilter.doFilter(SecurityContextHolderAwareRequestFilter.java:149) ~[spring-security-web-5.6.8.jar:5.6.8]
	at org.springframework.security.web.FilterChainProxy$VirtualFilterChain.doFilter(FilterChainProxy.java:346) ~[spring-security-web-5.6.8.jar:5.6.8]
	at org.springframework.security.web.savedrequest.RequestCacheAwareFilter.doFilter(RequestCacheAwareFilter.java:63) ~[spring-security-web-5.6.8.jar:5.6.8]
	at org.springframework.security.web.FilterChainProxy$VirtualFilterChain.doFilter(FilterChainProxy.java:346) ~[spring-security-web-5.6.8.jar:5.6.8]
	at org.springframework.security.web.authentication.logout.LogoutFilter.doFilter(LogoutFilter.java:103) ~[spring-security-web-5.6.8.jar:5.6.8]
	at org.springframework.security.web.authentication.logout.LogoutFilter.doFilter(LogoutFilter.java:89) ~[spring-security-web-5.6.8.jar:5.6.8]
	at org.springframework.security.web.FilterChainProxy$VirtualFilterChain.doFilter(FilterChainProxy.java:346) ~[spring-security-web-5.6.8.jar:5.6.8]
	at org.springframework.security.web.header.HeaderWriterFilter.doHeadersAfter(HeaderWriterFilter.java:90) ~[spring-security-web-5.6.8.jar:5.6.8]
	at org.springframework.security.web.header.HeaderWriterFilter.doFilterInternal(HeaderWriterFilter.java:75) ~[spring-security-web-5.6.8.jar:5.6.8]
	at org.springframework.web.filter.OncePerRequestFilter.doFilter(OncePerRequestFilter.java:117) ~[spring-web-5.3.23.jar:5.3.23]
	at org.springframework.security.web.FilterChainProxy$VirtualFilterChain.doFilter(FilterChainProxy.java:346) ~[spring-security-web-5.6.8.jar:5.6.8]
	at org.springframework.security.web.context.SecurityContextPersistenceFilter.doFilter(SecurityContextPersistenceFilter.java:110) ~[spring-security-web-5.6.8.jar:5.6.8]
	at org.springframework.security.web.context.SecurityContextPersistenceFilter.doFilter(SecurityContextPersistenceFilter.java:80) ~[spring-security-web-5.6.8.jar:5.6.8]
	at org.springframework.security.web.FilterChainProxy$VirtualFilterChain.doFilter(FilterChainProxy.java:346) ~[spring-security-web-5.6.8.jar:5.6.8]
	at org.springframework.security.web.context.request.async.WebAsyncManagerIntegrationFilter.doFilterInternal(WebAsyncManagerIntegrationFilter.java:55) ~[spring-security-web-5.6.8.jar:5.6.8]
	at org.springframework.web.filter.OncePerRequestFilter.doFilter(OncePerRequestFilter.java:117) ~[spring-web-5.3.23.jar:5.3.23]
	at org.springframework.security.web.FilterChainProxy$VirtualFilterChain.doFilter(FilterChainProxy.java:346) ~[spring-security-web-5.6.8.jar:5.6.8]
	at org.springframework.security.web.FilterChainProxy.doFilterInternal(FilterChainProxy.java:221) ~[spring-security-web-5.6.8.jar:5.6.8]
	at org.springframework.security.web.FilterChainProxy.doFilter(FilterChainProxy.java:186) ~[spring-security-web-5.6.8.jar:5.6.8]
	at org.springframework.web.filter.DelegatingFilterProxy.invokeDelegate(DelegatingFilterProxy.java:354) ~[spring-web-5.3.23.jar:5.3.23]
	at org.springframework.web.filter.DelegatingFilterProxy.doFilter(DelegatingFilterProxy.java:267) ~[spring-web-5.3.23.jar:5.3.23]
	at org.apache.catalina.core.ApplicationFilterChain.internalDoFilter(ApplicationFilterChain.java:189) ~[tomcat-embed-core-9.0.68.jar:9.0.68]
	at org.apache.catalina.core.ApplicationFilterChain.doFilter(ApplicationFilterChain.java:162) ~[tomcat-embed-core-9.0.68.jar:9.0.68]
	at org.springframework.web.filter.RequestContextFilter.doFilterInternal(RequestContextFilter.java:100) ~[spring-web-5.3.23.jar:5.3.23]
	at org.springframework.web.filter.OncePerRequestFilter.doFilter(OncePerRequestFilter.java:117) ~[spring-web-5.3.23.jar:5.3.23]
	at org.apache.catalina.core.ApplicationFilterChain.internalDoFilter(ApplicationFilterChain.java:189) ~[tomcat-embed-core-9.0.68.jar:9.0.68]
	at org.apache.catalina.core.ApplicationFilterChain.doFilter(ApplicationFilterChain.java:162) ~[tomcat-embed-core-9.0.68.jar:9.0.68]
	at org.springframework.web.filter.FormContentFilter.doFilterInternal(FormContentFilter.java:93) ~[spring-web-5.3.23.jar:5.3.23]
	at org.springframework.web.filter.OncePerRequestFilter.doFilter(OncePerRequestFilter.java:117) ~[spring-web-5.3.23.jar:5.3.23]
	at org.apache.catalina.core.ApplicationFilterChain.internalDoFilter(ApplicationFilterChain.java:189) ~[tomcat-embed-core-9.0.68.jar:9.0.68]
	at org.apache.catalina.core.ApplicationFilterChain.doFilter(ApplicationFilterChain.java:162) ~[tomcat-embed-core-9.0.68.jar:9.0.68]
	at org.springframework.web.filter.CharacterEncodingFilter.doFilterInternal(CharacterEncodingFilter.java:201) ~[spring-web-5.3.23.jar:5.3.23]
	at org.springframework.web.filter.OncePerRequestFilter.doFilter(OncePerRequestFilter.java:117) ~[spring-web-5.3.23.jar:5.3.23]
	at org.apache.catalina.core.ApplicationFilterChain.internalDoFilter(ApplicationFilterChain.java:189) ~[tomcat-embed-core-9.0.68.jar:9.0.68]
	at org.apache.catalina.core.ApplicationFilterChain.doFilter(ApplicationFilterChain.java:162) ~[tomcat-embed-core-9.0.68.jar:9.0.68]
	at org.apache.catalina.core.StandardWrapperValve.invoke(StandardWrapperValve.java:197) ~[tomcat-embed-core-9.0.68.jar:9.0.68]
	at org.apache.catalina.core.StandardContextValve.invoke(StandardContextValve.java:97) [tomcat-embed-core-9.0.68.jar:9.0.68]
	at org.apache.catalina.authenticator.AuthenticatorBase.invoke(AuthenticatorBase.java:541) [tomcat-embed-core-9.0.68.jar:9.0.68]
	at org.apache.catalina.core.StandardHostValve.invoke(StandardHostValve.java:135) [tomcat-embed-core-9.0.68.jar:9.0.68]
	at org.apache.catalina.valves.ErrorReportValve.invoke(ErrorReportValve.java:92) [tomcat-embed-core-9.0.68.jar:9.0.68]
	at org.apache.catalina.core.StandardEngineValve.invoke(StandardEngineValve.java:78) [tomcat-embed-core-9.0.68.jar:9.0.68]
	at org.apache.catalina.connector.CoyoteAdapter.service(CoyoteAdapter.java:360) [tomcat-embed-core-9.0.68.jar:9.0.68]
	at org.apache.coyote.http11.Http11Processor.service(Http11Processor.java:399) [tomcat-embed-core-9.0.68.jar:9.0.68]
	at org.apache.coyote.AbstractProcessorLight.process(AbstractProcessorLight.java:65) [tomcat-embed-core-9.0.68.jar:9.0.68]
	at org.apache.coyote.AbstractProtocol$ConnectionHandler.process(AbstractProtocol.java:893) [tomcat-embed-core-9.0.68.jar:9.0.68]
	at org.apache.tomcat.util.net.NioEndpoint$SocketProcessor.doRun(NioEndpoint.java:1789) [tomcat-embed-core-9.0.68.jar:9.0.68]
	at org.apache.tomcat.util.net.SocketProcessorBase.run(SocketProcessorBase.java:49) [tomcat-embed-core-9.0.68.jar:9.0.68]
	at org.apache.tomcat.util.threads.ThreadPoolExecutor.runWorker(ThreadPoolExecutor.java:1191) [tomcat-embed-core-9.0.68.jar:9.0.68]
	at org.apache.tomcat.util.threads.ThreadPoolExecutor$Worker.run(ThreadPoolExecutor.java:659) [tomcat-embed-core-9.0.68.jar:9.0.68]
	at org.apache.tomcat.util.threads.TaskThread$WrappingRunnable.run(TaskThread.java:61) [tomcat-embed-core-9.0.68.jar:9.0.68]
	at java.lang.Thread.run(Thread.java:750) [na:1.8.0_491]

2026-08-31 11:15:48.552  INFO 13884 --- [SpringApplicationShutdownHook] j.LocalContainerEntityManagerFactoryBean : Closing JPA EntityManagerFactory for persistence unit 'default'
2026-08-31 11:15:48.553  INFO 13884 --- [SpringApplicationShutdownHook] com.zaxxer.hikari.HikariDataSource       : HikariPool-1 - Shutdown initiated...
2026-08-31 11:15:48.557  INFO 13884 --- [SpringApplicationShutdownHook] com.zaxxer.hikari.HikariDataSource       : HikariPool-1 - Shutdown completed.
2026-08-31 11:15:49.915  INFO 14028 --- [main] c.e.allsystem.AllSystemApplication       : Starting AllSystemApplication using Java 1.8.0_491 on wmh with PID 14028 (D:\JavaProject\all-system\target\classes started by 10566 in D:\JavaProject\all-system)
2026-08-31 11:15:49.917  INFO 14028 --- [main] c.e.allsystem.AllSystemApplication       : The following 1 profile is active: "dev"
2026-08-31 11:15:50.312  INFO 14028 --- [main] .s.d.r.c.RepositoryConfigurationDelegate : Bootstrapping Spring Data JPA repositories in DEFAULT mode.
2026-08-31 11:15:50.324  INFO 14028 --- [main] .s.d.r.c.RepositoryConfigurationDelegate : Finished Spring Data repository scanning in 6 ms. Found 0 JPA repository interfaces.
2026-08-31 11:15:50.911  INFO 14028 --- [main] o.s.b.w.embedded.tomcat.TomcatWebServer  : Tomcat initialized with port(s): 8999 (http)
2026-08-31 11:15:50.918  INFO 14028 --- [main] o.apache.catalina.core.StandardService   : Starting service [Tomcat]
2026-08-31 11:15:50.918  INFO 14028 --- [main] org.apache.catalina.core.StandardEngine  : Starting Servlet engine: [Apache Tomcat/9.0.68]
2026-08-31 11:15:51.031  INFO 14028 --- [main] o.a.c.c.C.[Tomcat].[localhost].[/]       : Initializing Spring embedded WebApplicationContext
2026-08-31 11:15:51.031  INFO 14028 --- [main] w.s.c.ServletWebServerApplicationContext : Root WebApplicationContext: initialization completed in 1079 ms
2026-08-31 11:15:51.158  INFO 14028 --- [main] com.zaxxer.hikari.HikariDataSource       : HikariPool-1 - Starting...
2026-08-31 11:15:51.241  INFO 14028 --- [main] com.zaxxer.hikari.HikariDataSource       : HikariPool-1 - Start completed.
2026-08-31 11:15:51.265  INFO 14028 --- [main] o.hibernate.jpa.internal.util.LogHelper  : HHH000204: Processing PersistenceUnitInfo [name: default]
2026-08-31 11:15:51.329  INFO 14028 --- [main] org.hibernate.Version                    : HHH000412: Hibernate ORM core version 5.6.12.Final
2026-08-31 11:15:51.417  INFO 14028 --- [main] o.hibernate.annotations.common.Version   : HCANN000001: Hibernate Commons Annotations {5.1.2.Final}
2026-08-31 11:15:51.477  INFO 14028 --- [main] org.hibernate.dialect.Dialect            : HHH000400: Using dialect: org.hibernate.dialect.MySQL8Dialect
2026-08-31 11:15:51.558  INFO 14028 --- [main] o.h.e.t.j.p.i.JtaPlatformInitiator       : HHH000490: Using JtaPlatform implementation: [org.hibernate.engine.transaction.jta.platform.internal.NoJtaPlatform]
2026-08-31 11:15:51.566  INFO 14028 --- [main] j.LocalContainerEntityManagerFactoryBean : Initialized JPA EntityManagerFactory for persistence unit 'default'
2026-08-31 11:15:52.235  WARN 14028 --- [main] .s.s.UserDetailsServiceAutoConfiguration : 

Using generated security password: a225b26d-b185-4a26-b559-ec039c0fefaf

This generated password is for development use only. Your security configuration must be updated before running your application in production.

2026-08-31 11:15:52.288  INFO 14028 --- [main] o.s.s.web.DefaultSecurityFilterChain     : Will secure any request with [org.springframework.security.web.context.request.async.WebAsyncManagerIntegrationFilter@ce19c86, org.springframework.security.web.context.SecurityContextPersistenceFilter@1a67f8b4, org.springframework.security.web.header.HeaderWriterFilter@55c46ec1, org.springframework.security.web.authentication.logout.LogoutFilter@59b98ad1, org.springframework.security.web.savedrequest.RequestCacheAwareFilter@326706d, org.springframework.security.web.servletapi.SecurityContextHolderAwareRequestFilter@44a14de0, org.springframework.security.web.authentication.AnonymousAuthenticationFilter@68479e8b, org.springframework.security.web.session.SessionManagementFilter@6ae6d078, org.springframework.security.web.access.ExceptionTranslationFilter@13374ca6, org.springframework.security.web.access.intercept.AuthorizationFilter@37b238da]
2026-08-31 11:15:52.326  WARN 14028 --- [main] JpaBaseConfiguration$JpaWebConfiguration : spring.jpa.open-in-view is enabled by default. Therefore, database queries may be performed during view rendering. Explicitly configure spring.jpa.open-in-view to disable this warning
2026-08-31 11:15:52.522  INFO 14028 --- [main] o.s.b.w.embedded.tomcat.TomcatWebServer  : Tomcat started on port(s): 8999 (http) with context path ''
2026-08-31 11:15:52.528  INFO 14028 --- [main] c.e.allsystem.AllSystemApplication       : Started AllSystemApplication in 3.026 seconds (JVM running for 3.535)
2026-08-31 11:16:01.815  INFO 14028 --- [http-nio-8999-exec-1] o.a.c.c.C.[Tomcat].[localhost].[/]       : Initializing Spring DispatcherServlet 'dispatcherServlet'
2026-08-31 11:16:01.816  INFO 14028 --- [http-nio-8999-exec-1] o.s.web.servlet.DispatcherServlet        : Initializing Servlet 'dispatcherServlet'
2026-08-31 11:16:01.820  INFO 14028 --- [http-nio-8999-exec-1] o.s.web.servlet.DispatcherServlet        : Completed initialization in 3 ms
2026-08-31 11:16:02.169  INFO 14028 --- [http-nio-8999-exec-1] c.e.a.controller.UserLoginController     : userLogin:UserLogin(userId=null, userName=123, password=123456, role=null, email=null, regDate=null)
2026-08-31 11:16:02.440 ERROR 14028 --- [http-nio-8999-exec-1] o.a.c.c.C.[.[.[/].[dispatcherServlet]    : Servlet.service() for servlet [dispatcherServlet] in context with path [] threw exception [Request processing failed; nested exception is org.mybatis.spring.MyBatisSystemException: nested exception is org.apache.ibatis.exceptions.TooManyResultsException: Expected one result (or null) to be returned by selectOne(), but found: 6] with root cause

org.apache.ibatis.exceptions.TooManyResultsException: Expected one result (or null) to be returned by selectOne(), but found: 6
	at org.apache.ibatis.session.defaults.DefaultSqlSession.selectOne(DefaultSqlSession.java:80) ~[mybatis-3.5.4.jar:3.5.4]
	at sun.reflect.NativeMethodAccessorImpl.invoke0(Native Method) ~[na:1.8.0_491]
	at sun.reflect.NativeMethodAccessorImpl.invoke(NativeMethodAccessorImpl.java:62) ~[na:1.8.0_491]
	at sun.reflect.DelegatingMethodAccessorImpl.invoke(DelegatingMethodAccessorImpl.java:43) ~[na:1.8.0_491]
	at java.lang.reflect.Method.invoke(Method.java:498) ~[na:1.8.0_491]
	at org.mybatis.spring.SqlSessionTemplate$SqlSessionInterceptor.invoke(SqlSessionTemplate.java:426) ~[mybatis-spring-2.0.4.jar:2.0.4]
	at com.sun.proxy.$Proxy87.selectOne(Unknown Source) ~[na:na]
	at org.mybatis.spring.SqlSessionTemplate.selectOne(SqlSessionTemplate.java:159) ~[mybatis-spring-2.0.4.jar:2.0.4]
	at com.baomidou.mybatisplus.core.override.MybatisMapperMethod.execute(MybatisMapperMethod.java:108) ~[mybatis-plus-core-3.3.2.jar:3.3.2]
	at com.baomidou.mybatisplus.core.override.MybatisMapperProxy.invoke(MybatisMapperProxy.java:96) ~[mybatis-plus-core-3.3.2.jar:3.3.2]
	at com.sun.proxy.$Proxy88.selectOne(Unknown Source) ~[na:na]
	at com.baomidou.mybatisplus.extension.conditions.query.ChainQuery.one(ChainQuery.java:48) ~[mybatis-plus-extension-3.3.2.jar:3.3.2]
	at com.example.allsystem.service.impl.UserLoginServiceImpl.login(UserLoginServiceImpl.java:33) ~[classes/:na]
	at com.example.allsystem.service.impl.UserLoginServiceImpl$$FastClassBySpringCGLIB$$f5b3549d.invoke(<generated>) ~[classes/:na]
	at org.springframework.cglib.proxy.MethodProxy.invoke(MethodProxy.java:218) ~[spring-core-5.3.23.jar:5.3.23]
	at org.springframework.aop.framework.CglibAopProxy.invokeMethod(CglibAopProxy.java:386) ~[spring-aop-5.3.23.jar:5.3.23]
	at org.springframework.aop.framework.CglibAopProxy.access$000(CglibAopProxy.java:85) ~[spring-aop-5.3.23.jar:5.3.23]
	at org.springframework.aop.framework.CglibAopProxy$DynamicAdvisedInterceptor.intercept(CglibAopProxy.java:704) ~[spring-aop-5.3.23.jar:5.3.23]
	at com.example.allsystem.service.impl.UserLoginServiceImpl$$EnhancerBySpringCGLIB$$c6d4c856.login(<generated>) ~[classes/:na]
	at com.example.allsystem.controller.UserLoginController.login(UserLoginController.java:60) ~[classes/:na]
	at sun.reflect.NativeMethodAccessorImpl.invoke0(Native Method) ~[na:1.8.0_491]
	at sun.reflect.NativeMethodAccessorImpl.invoke(NativeMethodAccessorImpl.java:62) ~[na:1.8.0_491]
	at sun.reflect.DelegatingMethodAccessorImpl.invoke(DelegatingMethodAccessorImpl.java:43) ~[na:1.8.0_491]
	at java.lang.reflect.Method.invoke(Method.java:498) ~[na:1.8.0_491]
	at org.springframework.web.method.support.InvocableHandlerMethod.doInvoke(InvocableHandlerMethod.java:205) ~[spring-web-5.3.23.jar:5.3.23]
	at org.springframework.web.method.support.InvocableHandlerMethod.invokeForRequest(InvocableHandlerMethod.java:150) ~[spring-web-5.3.23.jar:5.3.23]
	at org.springframework.web.servlet.mvc.method.annotation.ServletInvocableHandlerMethod.invokeAndHandle(ServletInvocableHandlerMethod.java:117) ~[spring-webmvc-5.3.23.jar:5.3.23]
	at org.springframework.web.servlet.mvc.method.annotation.RequestMappingHandlerAdapter.invokeHandlerMethod(RequestMappingHandlerAdapter.java:895) ~[spring-webmvc-5.3.23.jar:5.3.23]
	at org.springframework.web.servlet.mvc.method.annotation.RequestMappingHandlerAdapter.handleInternal(RequestMappingHandlerAdapter.java:808) ~[spring-webmvc-5.3.23.jar:5.3.23]
	at org.springframework.web.servlet.mvc.method.AbstractHandlerMethodAdapter.handle(AbstractHandlerMethodAdapter.java:87) ~[spring-webmvc-5.3.23.jar:5.3.23]
	at org.springframework.web.servlet.DispatcherServlet.doDispatch(DispatcherServlet.java:1071) ~[spring-webmvc-5.3.23.jar:5.3.23]
	at org.springframework.web.servlet.DispatcherServlet.doService(DispatcherServlet.java:964) ~[spring-webmvc-5.3.23.jar:5.3.23]
	at org.springframework.web.servlet.FrameworkServlet.processRequest(FrameworkServlet.java:1006) ~[spring-webmvc-5.3.23.jar:5.3.23]
	at org.springframework.web.servlet.FrameworkServlet.doPost(FrameworkServlet.java:909) ~[spring-webmvc-5.3.23.jar:5.3.23]
	at javax.servlet.http.HttpServlet.service(HttpServlet.java:696) ~[tomcat-embed-core-9.0.68.jar:4.0.FR]
	at org.springframework.web.servlet.FrameworkServlet.service(FrameworkServlet.java:883) ~[spring-webmvc-5.3.23.jar:5.3.23]
	at javax.servlet.http.HttpServlet.service(HttpServlet.java:779) ~[tomcat-embed-core-9.0.68.jar:4.0.FR]
	at org.apache.catalina.core.ApplicationFilterChain.internalDoFilter(ApplicationFilterChain.java:227) ~[tomcat-embed-core-9.0.68.jar:9.0.68]
	at org.apache.catalina.core.ApplicationFilterChain.doFilter(ApplicationFilterChain.java:162) ~[tomcat-embed-core-9.0.68.jar:9.0.68]
	at org.apache.tomcat.websocket.server.WsFilter.doFilter(WsFilter.java:53) ~[tomcat-embed-websocket-9.0.68.jar:9.0.68]
	at org.apache.catalina.core.ApplicationFilterChain.internalDoFilter(ApplicationFilterChain.java:189) ~[tomcat-embed-core-9.0.68.jar:9.0.68]
	at org.apache.catalina.core.ApplicationFilterChain.doFilter(ApplicationFilterChain.java:162) ~[tomcat-embed-core-9.0.68.jar:9.0.68]
	at org.springframework.security.web.FilterChainProxy$VirtualFilterChain.doFilter(FilterChainProxy.java:337) ~[spring-security-web-5.6.8.jar:5.6.8]
	at org.springframework.security.web.access.intercept.AuthorizationFilter.doFilterInternal(AuthorizationFilter.java:58) ~[spring-security-web-5.6.8.jar:5.6.8]
	at org.springframework.web.filter.OncePerRequestFilter.doFilter(OncePerRequestFilter.java:117) ~[spring-web-5.3.23.jar:5.3.23]
	at org.springframework.security.web.FilterChainProxy$VirtualFilterChain.doFilter(FilterChainProxy.java:346) ~[spring-security-web-5.6.8.jar:5.6.8]
	at org.springframework.security.web.access.ExceptionTranslationFilter.doFilter(ExceptionTranslationFilter.java:122) ~[spring-security-web-5.6.8.jar:5.6.8]
	at org.springframework.security.web.access.ExceptionTranslationFilter.doFilter(ExceptionTranslationFilter.java:116) ~[spring-security-web-5.6.8.jar:5.6.8]
	at org.springframework.security.web.FilterChainProxy$VirtualFilterChain.doFilter(FilterChainProxy.java:346) ~[spring-security-web-5.6.8.jar:5.6.8]
	at org.springframework.security.web.session.SessionManagementFilter.doFilter(SessionManagementFilter.java:126) ~[spring-security-web-5.6.8.jar:5.6.8]
	at org.springframework.security.web.session.SessionManagementFilter.doFilter(SessionManagementFilter.java:81) ~[spring-security-web-5.6.8.jar:5.6.8]
	at org.springframework.security.web.FilterChainProxy$VirtualFilterChain.doFilter(FilterChainProxy.java:346) ~[spring-security-web-5.6.8.jar:5.6.8]
	at org.springframework.security.web.authentication.AnonymousAuthenticationFilter.doFilter(AnonymousAuthenticationFilter.java:109) ~[spring-security-web-5.6.8.jar:5.6.8]
	at org.springframework.security.web.FilterChainProxy$VirtualFilterChain.doFilter(FilterChainProxy.java:346) ~[spring-security-web-5.6.8.jar:5.6.8]
	at org.springframework.security.web.servletapi.SecurityContextHolderAwareRequestFilter.doFilter(SecurityContextHolderAwareRequestFilter.java:149) ~[spring-security-web-5.6.8.jar:5.6.8]
	at org.springframework.security.web.FilterChainProxy$VirtualFilterChain.doFilter(FilterChainProxy.java:346) ~[spring-security-web-5.6.8.jar:5.6.8]
	at org.springframework.security.web.savedrequest.RequestCacheAwareFilter.doFilter(RequestCacheAwareFilter.java:63) ~[spring-security-web-5.6.8.jar:5.6.8]
	at org.springframework.security.web.FilterChainProxy$VirtualFilterChain.doFilter(FilterChainProxy.java:346) ~[spring-security-web-5.6.8.jar:5.6.8]
	at org.springframework.security.web.authentication.logout.LogoutFilter.doFilter(LogoutFilter.java:103) ~[spring-security-web-5.6.8.jar:5.6.8]
	at org.springframework.security.web.authentication.logout.LogoutFilter.doFilter(LogoutFilter.java:89) ~[spring-security-web-5.6.8.jar:5.6.8]
	at org.springframework.security.web.FilterChainProxy$VirtualFilterChain.doFilter(FilterChainProxy.java:346) ~[spring-security-web-5.6.8.jar:5.6.8]
	at org.springframework.security.web.header.HeaderWriterFilter.doHeadersAfter(HeaderWriterFilter.java:90) ~[spring-security-web-5.6.8.jar:5.6.8]
	at org.springframework.security.web.header.HeaderWriterFilter.doFilterInternal(HeaderWriterFilter.java:75) ~[spring-security-web-5.6.8.jar:5.6.8]
	at org.springframework.web.filter.OncePerRequestFilter.doFilter(OncePerRequestFilter.java:117) ~[spring-web-5.3.23.jar:5.3.23]
	at org.springframework.security.web.FilterChainProxy$VirtualFilterChain.doFilter(FilterChainProxy.java:346) ~[spring-security-web-5.6.8.jar:5.6.8]
	at org.springframework.security.web.context.SecurityContextPersistenceFilter.doFilter(SecurityContextPersistenceFilter.java:110) ~[spring-security-web-5.6.8.jar:5.6.8]
	at org.springframework.security.web.context.SecurityContextPersistenceFilter.doFilter(SecurityContextPersistenceFilter.java:80) ~[spring-security-web-5.6.8.jar:5.6.8]
	at org.springframework.security.web.FilterChainProxy$VirtualFilterChain.doFilter(FilterChainProxy.java:346) ~[spring-security-web-5.6.8.jar:5.6.8]
	at org.springframework.security.web.context.request.async.WebAsyncManagerIntegrationFilter.doFilterInternal(WebAsyncManagerIntegrationFilter.java:55) ~[spring-security-web-5.6.8.jar:5.6.8]
	at org.springframework.web.filter.OncePerRequestFilter.doFilter(OncePerRequestFilter.java:117) ~[spring-web-5.3.23.jar:5.3.23]
	at org.springframework.security.web.FilterChainProxy$VirtualFilterChain.doFilter(FilterChainProxy.java:346) ~[spring-security-web-5.6.8.jar:5.6.8]
	at org.springframework.security.web.FilterChainProxy.doFilterInternal(FilterChainProxy.java:221) ~[spring-security-web-5.6.8.jar:5.6.8]
	at org.springframework.security.web.FilterChainProxy.doFilter(FilterChainProxy.java:186) ~[spring-security-web-5.6.8.jar:5.6.8]
	at org.springframework.web.filter.DelegatingFilterProxy.invokeDelegate(DelegatingFilterProxy.java:354) ~[spring-web-5.3.23.jar:5.3.23]
	at org.springframework.web.filter.DelegatingFilterProxy.doFilter(DelegatingFilterProxy.java:267) ~[spring-web-5.3.23.jar:5.3.23]
	at org.apache.catalina.core.ApplicationFilterChain.internalDoFilter(ApplicationFilterChain.java:189) ~[tomcat-embed-core-9.0.68.jar:9.0.68]
	at org.apache.catalina.core.ApplicationFilterChain.doFilter(ApplicationFilterChain.java:162) ~[tomcat-embed-core-9.0.68.jar:9.0.68]
	at org.springframework.web.filter.RequestContextFilter.doFilterInternal(RequestContextFilter.java:100) ~[spring-web-5.3.23.jar:5.3.23]
	at org.springframework.web.filter.OncePerRequestFilter.doFilter(OncePerRequestFilter.java:117) ~[spring-web-5.3.23.jar:5.3.23]
	at org.apache.catalina.core.ApplicationFilterChain.internalDoFilter(ApplicationFilterChain.java:189) ~[tomcat-embed-core-9.0.68.jar:9.0.68]
	at org.apache.catalina.core.ApplicationFilterChain.doFilter(ApplicationFilterChain.java:162) ~[tomcat-embed-core-9.0.68.jar:9.0.68]
	at org.springframework.web.filter.FormContentFilter.doFilterInternal(FormContentFilter.java:93) ~[spring-web-5.3.23.jar:5.3.23]
	at org.springframework.web.filter.OncePerRequestFilter.doFilter(OncePerRequestFilter.java:117) ~[spring-web-5.3.23.jar:5.3.23]
	at org.apache.catalina.core.ApplicationFilterChain.internalDoFilter(ApplicationFilterChain.java:189) ~[tomcat-embed-core-9.0.68.jar:9.0.68]
	at org.apache.catalina.core.ApplicationFilterChain.doFilter(ApplicationFilterChain.java:162) ~[tomcat-embed-core-9.0.68.jar:9.0.68]
	at org.springframework.web.filter.CharacterEncodingFilter.doFilterInternal(CharacterEncodingFilter.java:201) ~[spring-web-5.3.23.jar:5.3.23]
	at org.springframework.web.filter.OncePerRequestFilter.doFilter(OncePerRequestFilter.java:117) ~[spring-web-5.3.23.jar:5.3.23]
	at org.apache.catalina.core.ApplicationFilterChain.internalDoFilter(ApplicationFilterChain.java:189) ~[tomcat-embed-core-9.0.68.jar:9.0.68]
	at org.apache.catalina.core.ApplicationFilterChain.doFilter(ApplicationFilterChain.java:162) ~[tomcat-embed-core-9.0.68.jar:9.0.68]
	at org.apache.catalina.core.StandardWrapperValve.invoke(StandardWrapperValve.java:197) ~[tomcat-embed-core-9.0.68.jar:9.0.68]
	at org.apache.catalina.core.StandardContextValve.invoke(StandardContextValve.java:97) [tomcat-embed-core-9.0.68.jar:9.0.68]
	at org.apache.catalina.authenticator.AuthenticatorBase.invoke(AuthenticatorBase.java:541) [tomcat-embed-core-9.0.68.jar:9.0.68]
	at org.apache.catalina.core.StandardHostValve.invoke(StandardHostValve.java:135) [tomcat-embed-core-9.0.68.jar:9.0.68]
	at org.apache.catalina.valves.ErrorReportValve.invoke(ErrorReportValve.java:92) [tomcat-embed-core-9.0.68.jar:9.0.68]
	at org.apache.catalina.core.StandardEngineValve.invoke(StandardEngineValve.java:78) [tomcat-embed-core-9.0.68.jar:9.0.68]
	at org.apache.catalina.connector.CoyoteAdapter.service(CoyoteAdapter.java:360) [tomcat-embed-core-9.0.68.jar:9.0.68]
	at org.apache.coyote.http11.Http11Processor.service(Http11Processor.java:399) [tomcat-embed-core-9.0.68.jar:9.0.68]
	at org.apache.coyote.AbstractProcessorLight.process(AbstractProcessorLight.java:65) [tomcat-embed-core-9.0.68.jar:9.0.68]
	at org.apache.coyote.AbstractProtocol$ConnectionHandler.process(AbstractProtocol.java:893) [tomcat-embed-core-9.0.68.jar:9.0.68]
	at org.apache.tomcat.util.net.NioEndpoint$SocketProcessor.doRun(NioEndpoint.java:1789) [tomcat-embed-core-9.0.68.jar:9.0.68]
	at org.apache.tomcat.util.net.SocketProcessorBase.run(SocketProcessorBase.java:49) [tomcat-embed-core-9.0.68.jar:9.0.68]
	at org.apache.tomcat.util.threads.ThreadPoolExecutor.runWorker(ThreadPoolExecutor.java:1191) [tomcat-embed-core-9.0.68.jar:9.0.68]
	at org.apache.tomcat.util.threads.ThreadPoolExecutor$Worker.run(ThreadPoolExecutor.java:659) [tomcat-embed-core-9.0.68.jar:9.0.68]
	at org.apache.tomcat.util.threads.TaskThread$WrappingRunnable.run(TaskThread.java:61) [tomcat-embed-core-9.0.68.jar:9.0.68]
	at java.lang.Thread.run(Thread.java:750) [na:1.8.0_491]

2026-08-31 11:17:51.800  INFO 14028 --- [http-nio-8999-exec-2] c.e.a.controller.UserLoginController     : userLogin:UserLogin(userId=null, userName=123, password=123456, role=null, email=null, regDate=null)
2026-08-31 11:17:56.023  INFO 14028 --- [http-nio-8999-exec-3] c.e.a.controller.UserLoginController     : userLogin:UserLogin(userId=null, userName=123, password=123, role=null, email=null, regDate=null)
2026-08-31 11:17:58.088  INFO 14028 --- [http-nio-8999-exec-7] c.e.a.controller.UserLoginController     : userLogin:UserLogin(userId=null, userName=123, password=1, role=null, email=null, regDate=null)
2026-08-31 11:18:44.080  INFO 14028 --- [http-nio-8999-exec-5] c.e.a.controller.UserLoginController     : userLogin:UserLogin(userId=null, userName=流星雨, password=000522, role=null, email=null, regDate=null)
2026-08-31 13:39:07.314  WARN 14028 --- [HikariPool-1 housekeeper] com.zaxxer.hikari.pool.HikariPool        : HikariPool-1 - Thread starvation or clock leap detected (housekeeper delta=1h57m45s575ms415µs700ns).
2026-08-31 14:14:28.703  INFO 14028 --- [http-nio-8999-exec-10] c.e.a.controller.UserLoginController     : userLogin:UserLogin(userId=null, userName=123, password=000522, role=null, email=null, regDate=null)
2026-08-31 14:14:33.537  INFO 14028 --- [http-nio-8999-exec-9] c.e.a.controller.UserLoginController     : userLogin:UserLogin(userId=null, userName=123, password=000522, role=null, email=null, regDate=null)
2026-08-31 14:14:57.449  INFO 14028 --- [http-nio-8999-exec-1] c.e.a.controller.UserLoginController     : userLogin:UserLogin(userId=null, userName=123, password=000522, role=null, email=null, regDate=null)
2026-08-31 14:15:12.095  INFO 14028 --- [http-nio-8999-exec-2] c.e.a.controller.UserLoginController     : userLogin:UserLogin(userId=null, userName=123, password=000522, role=null, email=null, regDate=null)
2026-08-31 14:15:13.709  INFO 14028 --- [http-nio-8999-exec-3] c.e.a.controller.UserLoginController     : userLogin:UserLogin(userId=null, userName=123, password=000522, role=null, email=null, regDate=null)
2026-08-31 14:15:14.196  INFO 14028 --- [http-nio-8999-exec-7] c.e.a.controller.UserLoginController     : userLogin:UserLogin(userId=null, userName=123, password=000522, role=null, email=null, regDate=null)
2026-08-31 14:15:15.447  INFO 14028 --- [http-nio-8999-exec-6] c.e.a.controller.UserLoginController     : userLogin:UserLogin(userId=null, userName=123, password=000522, role=null, email=null, regDate=null)
2026-08-31 14:15:34.155  INFO 14028 --- [http-nio-8999-exec-5] c.e.a.controller.UserLoginController     : userLogin:UserLogin(userId=null, userName=流星雨, password=000522, role=null, email=null, regDate=null)
2026-08-31 14:15:48.828  INFO 14028 --- [http-nio-8999-exec-4] c.e.a.controller.UserLoginController     : userLogin:UserLogin(userId=null, userName=流星雨, password=0005222, role=null, email=null, regDate=null)
2026-08-31 14:15:50.701  INFO 14028 --- [http-nio-8999-exec-8] c.e.a.controller.UserLoginController     : userLogin:UserLogin(userId=null, userName=流星雨, password=000522, role=null, email=null, regDate=null)
2026-08-31 14:19:00.931  INFO 14028 --- [SpringApplicationShutdownHook] j.LocalContainerEntityManagerFactoryBean : Closing JPA EntityManagerFactory for persistence unit 'default'
2026-08-31 14:19:00.940  INFO 14028 --- [SpringApplicationShutdownHook] com.zaxxer.hikari.HikariDataSource       : HikariPool-1 - Shutdown initiated...
2026-08-31 14:19:00.954  INFO 14028 --- [SpringApplicationShutdownHook] com.zaxxer.hikari.HikariDataSource       : HikariPool-1 - Shutdown completed.
